LAD19CD,ethnicity,population,proportion
E06000001,Asian/Asian British,1304.0,0.0141696005563524
E06000001,Black/African/Caribbean/Black British,170.0,0.00184726387621159
E06000001,Mixed/multiple ethnic group,550.0,0.00597644195244925
E06000001,Other ethnic group,105.0,0.00114095710001304
E06000001,White,89899.0,0.976865736514974
E06000002,Asian/Asian British,10768.0,0.0777967228275005
E06000002,Black/African/Caribbean/Black British,1731.0,0.012506141086033
E06000002,Mixed/multiple ethnic group,2362.0,0.0170649943646505
E06000002,Other ethnic group,1496.0,0.0108083114180851
E06000002,White,122055.0,0.881823830303731
E06000003,Asian/Asian British,869.0,0.00642860841711238
E06000003,Black/African/Caribbean/Black British,122.0,0.000902520399180334
E06000003,Mixed/multiple ethnic group,853.0,0.00631024508607233
E06000003,Other ethnic group,130.0,0.000961702064700356
E06000003,White,133203.0,0.985396924032935
E06000004,Asian/Asian British,6632.0,0.0346119722352696
E06000004,Black/African/Caribbean/Black British,1133.0,0.00591305255466834
E06000004,Mixed/multiple ethnic group,1997.0,0.0104222117843536
E06000004,Other ethnic group,549.0,0.00286519492719587
E06000004,White,181299.0,0.946187568498513
E06000005,Asian/Asian British,2205.0,0.0208878026599977
E06000005,Black/African/Caribbean/Black British,357.0,0.00338183471638058
E06000005,Mixed/multiple ethnic group,1146.0,0.010855973627373
E06000005,Other ethnic group,261.0,0.00247243378424463
E06000005,White,101595.0,0.962401955212004
E06000006,Asian/Asian British,943.0,0.00749924450877165
E06000006,Black/African/Caribbean/Black British,260.0,0.00206766020390311
E06000006,Mixed/multiple ethnic group,1356.0,0.0107836432172793
E06000006,Other ethnic group,146.0,0.00116107072988405
E06000006,White,123041.0,0.978488381340162
E06000007,Asian/Asian British,4911.0,0.0242844709931365
E06000007,Black/African/Caribbean/Black British,694.0,0.00343177008129438
E06000007,Mixed/multiple ethnic group,2144.0,0.0106018948909152
E06000007,Other ethnic group,487.0,0.00240817295330024
E06000007,White,193992.0,0.959273691081354
E06000008,Asian/Asian British,41494.0,0.281336235244662
E06000008,Black/African/Caribbean/Black British,933.0,0.00632589549051116
E06000008,Mixed/multiple ethnic group,1823.0,0.012360243814793
E06000008,Other ethnic group,1230.0,0.00833960498749059
E06000008,White,102009.0,0.691638020462543
E06000009,Asian/Asian British,2282.0,0.0160630697216063
E06000009,Black/African/Caribbean/Black British,346.0,0.00243550487452926
E06000009,Mixed/multiple ethnic group,1753.0,0.0123394220955197
E06000009,Other ethnic group,345.0,0.00242846584309999
E06000009,White,137339.0,0.966733537465245
E06000010,Asian/Asian British,6471.0,0.0252373189394944
E06000010,Black/African/Caribbean/Black British,2996.0,0.0116845939642598
E06000010,Mixed/multiple ethnic group,3454.0,0.013470823615672
E06000010,Other ethnic group,2164.0,0.00843974009968565
E06000010,White,241321.0,0.941167523380888
E06000011,Asian/Asian British,2961.0,0.00886052085858178
E06000011,Black/African/Caribbean/Black British,598.0,0.00178946013962577
E06000011,Mixed/multiple ethnic group,2301.0,0.00688553140682089
E06000011,Other ethnic group,530.0,0.00158597637792919
E06000011,White,327789.0,0.980878511217042
E06000012,Asian/Asian British,2129.0,0.0133382618283881
E06000012,Black/African/Caribbean/Black British,411.0,0.00257492983159583
E06000012,Mixed/multiple ethnic group,1186.0,0.00743033279871692
E06000012,Other ethnic group,469.0,0.00293830192461909
E06000012,White,155421.0,0.97371817361668
E06000013,Asian/Asian British,4549.0,0.0271669672610872
E06000013,Black/African/Caribbean/Black British,494.0,0.00295020484215807
E06000013,Mixed/multiple ethnic group,1244.0,0.00742926077660858
E06000013,Other ethnic group,411.0,0.00245452265207888
E06000013,White,160748.0,0.959999044468067
E06000014,Asian/Asian British,6740.0,0.0340316383153834
E06000014,Black/African/Caribbean/Black British,1194.0,0.00602875017041065
E06000014,Mixed/multiple ethnic group,2413.0,0.0121837304532671
E06000014,Other ethnic group,973.0,0.00491287597638992
E06000014,White,186731.0,0.942843005084549
E06000015,Asian/Asian British,31095.0,0.12500402006818
E06000015,Black/African/Caribbean/Black British,7320.0,0.0294268990802084
E06000015,Mixed/multiple ethnic group,7232.0,0.029073133080337
E06000015,Other ethnic group,3354.0,0.0134833086769152
E06000015,White,199751.0,0.803012639094359
E06000016,Asian/Asian British,122470.0,0.371302362667847
E06000016,Black/African/Caribbean/Black British,20585.0,0.0624092360212103
E06000016,Mixed/multiple ethnic group,11580.0,0.0351080375577176
E06000016,Other ethnic group,8568.0,0.025976309654104
E06000016,White,166636.0,0.505204054099121
E06000017,Asian/Asian British,365.0,0.00976745430704595
E06000017,Black/African/Caribbean/Black British,251.0,0.00671679734539324
E06000017,Mixed/multiple ethnic group,389.0,0.0104096978779202
E06000017,Other ethnic group,63.0,0.00168588937354492
E06000017,White,36301.0,0.971420161096096
E06000018,Asian/Asian British,40039.0,0.130983381313792
E06000018,Black/African/Caribbean/Black British,22185.0,0.0725758963622088
E06000018,Mixed/multiple ethnic group,20265.0,0.0662948181104423
E06000018,Other ethnic group,4493.0,0.0146983773881183
E06000018,White,218698.0,0.715447526825438
E06000019,Asian/Asian British,1439.0,0.00784294489227533
E06000019,Black/African/Caribbean/Black British,331.0,0.00180404083345596
E06000019,Mixed/multiple ethnic group,1270.0,0.00692184851507273
E06000019,Other ethnic group,268.0,0.00146067354491299
E06000019,White,180169.0,0.981970492214283
E06000020,Asian/Asian British,6991.0,0.0419524606789446
E06000020,Black/African/Caribbean/Black British,1779.0,0.0106756440491836
E06000020,Mixed/multiple ethnic group,2983.0,0.0179007567165343
E06000020,Other ethnic group,473.0,0.00283843711931637
E06000020,White,154415.0,0.926632701436021
E06000021,Asian/Asian British,18442.0,0.0740618775300392
E06000021,Black/African/Caribbean/Black British,3741.0,0.0150236136991583
E06000021,Mixed/multiple ethnic group,4491.0,0.0180355651224057
E06000021,Other ethnic group,1622.0,0.00651384694467648
E06000021,White,220712.0,0.88636509670372
E06000022,Asian/Asian British,4577.0,0.0260033178801927
E06000022,Black/African/Caribbean/Black British,1326.0,0.00753340605399509
E06000022,Mixed/multiple ethnic group,2898.0,0.0164644123261522
E06000022,Other ethnic group,742.0,0.00421552586128534
E06000022,White,166473.0,0.945783337878375
E06000023,Asian/Asian British,23655.0,0.0552384911053303
E06000023,Black/African/Caribbean/Black British,25734.0,0.0600933134688044
E06000023,Mixed/multiple ethnic group,15438.0,0.0360503836687419
E06000023,Other ethnic group,3815.0,0.00890868076799133
E06000023,White,359592.0,0.839709130989132
E06000024,Asian/Asian British,2436.0,0.0120257101389177
E06000024,Black/African/Caribbean/Black British,632.0,0.0031199707749573
E06000024,Mixed/multiple ethnic group,2033.0,0.0100362351036205
E06000024,Other ethnic group,389.0,0.00192036175863669
E06000024,White,197076.0,0.972897722223868
E06000025,Asian/Asian British,6440.0,0.0245084047844668
E06000025,Black/African/Caribbean/Black British,2218.0,0.00844093816955706
E06000025,Mixed/multiple ethnic group,3667.0,0.0139553292460621
E06000025,Other ethnic group,868.0,0.00330330673181944
E06000025,White,249574.0,0.949792021068095
E06000026,Asian/Asian British,3906.0,0.0152349600599101
E06000026,Black/African/Caribbean/Black British,1678.0,0.00654487019470794
E06000026,Mixed/multiple ethnic group,3287.0,0.0128206128307539
E06000026,Other ethnic group,1004.0,0.00391600099850225
E06000026,White,246509.0,0.961483555916126
E06000027,Asian/Asian British,1353.0,0.0103314777907589
E06000027,Black/African/Caribbean/Black British,251.0,0.00191663039577272
E06000027,Mixed/multiple ethnic group,1420.0,0.0108430882948098
E06000027,Other ethnic group,236.0,0.0018020907306867
E06000027,White,127699.0,0.975106712787972
E06000030,Asian/Asian British,13365.0,0.0638996729713707
E06000030,Black/African/Caribbean/Black British,2861.0,0.0136787852129511
E06000030,Mixed/multiple ethnic group,4226.0,0.0202050144389833
E06000030,Other ethnic group,806.0,0.0038535829715619
E06000030,White,187898.0,0.898362944405133
E06000031,Asian/Asian British,21492.0,0.11703906203201
E06000031,Black/African/Caribbean/Black British,4164.0,0.022675909840931
E06000031,Mixed/multiple ethnic group,4948.0,0.026945341472845
E06000031,Other ethnic group,1483.0,0.00807597845679651
E06000031,White,151544.0,0.825263708197418
E06000032,Asian/Asian British,60952.0,0.299959153744322
E06000032,Black/African/Caribbean/Black British,19909.0,0.0979768800350392
E06000032,Mixed/multiple ethnic group,8281.0,0.0407527522010226
E06000032,Other ethnic group,2980.0,0.0146652821590445
E06000032,White,111079.0,0.546645931860572
E06000033,Asian/Asian British,6440.0,0.0370843842495019
E06000033,Black/African/Caribbean/Black British,3647.0,0.0210010480369462
E06000033,Mixed/multiple ethnic group,3651.0,0.0210240818159831
E06000033,Other ethnic group,897.0,0.00516532494903776
E06000033,White,159023.0,0.915725160948531
E06000034,Asian/Asian British,5927.0,0.0375828286991535
E06000034,Black/African/Caribbean/Black British,12323.0,0.0781395643765258
E06000034,Mixed/multiple ethnic group,3099.0,0.0196506134872071
E06000034,Other ethnic group,927.0,0.00587806347293998
E06000034,White,135429.0,0.858748929964174
E06000035,Asian/Asian British,13615.0,0.0515866249881595
E06000035,Black/African/Caribbean/Black British,6663.0,0.0252458084683149
E06000035,Mixed/multiple ethnic group,5176.0,0.0196116320924505
E06000035,Other ethnic group,1892.0,0.0071687032300843
E06000035,White,236579.0,0.896387231220991
E06000036,Asian/Asian British,5664.0,0.0500331257453293
E06000036,Black/African/Caribbean/Black British,2189.0,0.0193366017402058
E06000036,Mixed/multiple ethnic group,2303.0,0.0203436243982156
E06000036,Other ethnic group,495.0,0.00437259838346363
E06000036,White,102554.0,0.905914049732786
E06000037,Asian/Asian British,3808.0,0.0247558866742079
E06000037,Black/African/Caribbean/Black British,1376.0,0.00894540442849527
E06000037,Mixed/multiple ethnic group,2420.0,0.0157324699977897
E06000037,Other ethnic group,364.0,0.00236637152032869
E06000037,White,145854.0,0.948199867379178
E06000038,Asian/Asian British,21161.0,0.135910544772573
E06000038,Black/African/Caribbean/Black British,10470.0,0.0672455651325001
E06000038,Mixed/multiple ethnic group,6180.0,0.0396922246913897
E06000038,Other ethnic group,1500.0,0.00963403511926935
E06000038,White,116387.0,0.747517630284268
E06000039,Asian/Asian British,55697.0,0.397254020897971
E06000039,Black/African/Caribbean/Black British,12115.0,0.0864091865482686
E06000039,Mixed/multiple ethnic group,4758.0,0.0339360222531293
E06000039,Other ethnic group,3582.0,0.0255483042687493
E06000039,White,64053.0,0.456852466031882
E06000040,Asian/Asian British,13848.0,0.0957941339236303
E06000040,Black/African/Caribbean/Black British,1725.0,0.0119327614831212
E06000040,Mixed/multiple ethnic group,3315.0,0.022931654676259
E06000040,Other ethnic group,1167.0,0.00807277255118982
E06000040,White,124505.0,0.8612686773658
E06000041,Asian/Asian British,11438.0,0.0740899080191735
E06000041,Black/African/Caribbean/Black British,2093.0,0.0135574556289675
E06000041,Mixed/multiple ethnic group,3182.0,0.0206114781707475
E06000041,Other ethnic group,1142.0,0.00739733126052597
E06000041,White,136525.0,0.884343826920586
E06000042,Asian/Asian British,22782.0,0.0915597959979262
E06000042,Black/African/Caribbean/Black British,17131.0,0.0688486904240398
E06000042,Mixed/multiple ethnic group,8235.0,0.0330960811185551
E06000042,Other ethnic group,1579.0,0.00634592739358816
E06000042,White,199094.0,0.800149505065891
E06000043,Asian/Asian British,11278.0,0.0412555922580834
E06000043,Black/African/Caribbean/Black British,4188.0,0.015319952152585
E06000043,Mixed/multiple ethnic group,10408.0,0.0380730807077613
E06000043,Other ethnic group,3983.0,0.01457005000567
E06000043,White,243512.0,0.8907813248759
E06000044,Asian/Asian British,12474.0,0.0608321629213483
E06000044,Black/African/Caribbean/Black British,3777.0,0.0184193586142322
E06000044,Mixed/multiple ethnic group,5467.0,0.0266610096754057
E06000044,Other ethnic group,2156.0,0.0105142009987516
E06000044,White,181182.0,0.883573267790262
E06000045,Asian/Asian British,19892.0,0.0839742994402276
E06000045,Black/African/Caribbean/Black British,5067.0,0.0213903969064766
E06000045,Mixed/multiple ethnic group,5678.0,0.0239697402082049
E06000045,Other ethnic group,2717.0,0.0114698457459832
E06000045,White,203528.0,0.859195717699108
E06000046,Asian/Asian British,1514.0,0.0109499873431454
E06000046,Black/African/Caribbean/Black British,303.0,0.0021914439662966
E06000046,Mixed/multiple ethnic group,1709.0,0.0123603225689799
E06000046,Other ethnic group,194.0,0.00140310273749684
E06000046,White,134545.0,0.973095143384081
E06000047,Asian/Asian British,4856.0,0.00946142365589722
E06000047,Black/African/Caribbean/Black British,701.0,0.00136582742643821
E06000047,Mixed/multiple ethnic group,3094.0,0.00602834530299547
E06000047,Other ethnic group,822.0,0.00160158365839117
E06000047,White,503769.0,0.981542819956278
E06000049,Asian/Asian British,6060.0,0.0163727585396364
E06000049,Black/African/Caribbean/Black British,1402.0,0.00378788902187628
E06000049,Mixed/multiple ethnic group,3873.0,0.0104639758785498
E06000049,Other ethnic group,852.0,0.00230191258676076
E06000049,White,357940.0,0.967073463973177
E06000050,Asian/Asian British,4097.0,0.0124299167495935
E06000050,Black/African/Caribbean/Black British,908.0,0.00275478750515764
E06000050,Mixed/multiple ethnic group,3050.0,0.00925341617921895
E06000050,Other ethnic group,528.0,0.00160190286643528
E06000050,White,321025.0,0.973959976699595
E06000051,Asian/Asian British,3089.0,0.0100905173962611
E06000051,Black/African/Caribbean/Black British,580.0,0.00189462612166766
E06000051,Mixed/multiple ethnic group,2168.0,0.00708198177892326
E06000051,Other ethnic group,418.0,0.00136543744630532
E06000051,White,299874.0,0.979567437256843
E06000052,Asian/Asian British,3434.0,0.0064515765406098
E06000052,Black/African/Caribbean/Black British,762.0,0.00143159619217958
E06000052,Mixed/multiple ethnic group,4400.0,0.00826643470549887
E06000052,Other ethnic group,829.0,0.0015574714479224
E06000052,White,522848.0,0.982292921113789
E06000053,Asian/Asian British,2.0,0.000907852927825692
E06000053,Black/African/Caribbean/Black British,2.0,0.000907852927825692
E06000053,Mixed/multiple ethnic group,18.0,0.00817067635043123
E06000053,Other ethnic group,4.0,0.00181570585565138
E06000053,White,2177.0,0.988197911938266
E06000054,Asian/Asian British,6178.0,0.0131173019718418
E06000054,Black/African/Caribbean/Black British,3228.0,0.00685377966414781
E06000054,Mixed/multiple ethnic group,5568.0,0.0118221329522847
E06000054,Other ethnic group,1036.0,0.00219966410534608
E06000054,White,454971.0,0.96600712130638
E06000055,Asian/Asian British,17932.0,0.113869150807409
E06000055,Black/African/Caribbean/Black British,6202.0,0.0393830288482909
E06000055,Mixed/multiple ethnic group,5386.0,0.0342013855815696
E06000055,Other ethnic group,1113.0,0.00706760901453527
E06000055,White,126846.0,0.805478825748195
E06000056,Asian/Asian British,6402.0,0.025166973948526
E06000056,Black/African/Caribbean/Black British,3614.0,0.0142070359028387
E06000056,Mixed/multiple ethnic group,4789.0,0.0188260915713045
E06000056,Other ethnic group,854.0,0.00335716897095302
E06000056,White,238722.0,0.938442729606378
E06000057,Asian/Asian British,2658.0,0.00841064715784677
E06000057,Black/African/Caribbean/Black British,338.0,0.0010695254850836
E06000057,Mixed/multiple ethnic group,1692.0,0.00535395597858418
E06000057,Other ethnic group,274.0,0.000867011783765995
E06000057,White,311066.0,0.984298859594719
E06000058,Asian/Asian British,10837.0,0.0286021198876713
E06000058,Black/African/Caribbean/Black British,2367.0,0.00624722873250143
E06000058,Mixed/multiple ethnic group,6612.0,0.0174510673338823
E06000058,Other ethnic group,2161.0,0.00570353244230485
E06000058,White,356911.0,0.94199605160364
E06000059,Asian/Asian British,3338.0,0.0091413736159911
E06000059,Black/African/Caribbean/Black British,841.0,0.00230314416148847
E06000059,Mixed/multiple ethnic group,2895.0,0.00792818352854831
E06000059,Other ethnic group,353.0,0.00096671806064855
E06000059,White,357726.0,0.979660580633324
E07000004,Asian/Asian British,10105.0,0.0580290231254702
E07000004,Black/African/Caribbean/Black British,3323.0,0.0190826762836158
E07000004,Mixed/multiple ethnic group,3864.0,0.0221894255672258
E07000004,Other ethnic group,766.0,0.00439883539971402
E07000004,White,156079.0,0.896300039623974
E07000005,Asian/Asian British,5046.0,0.0544718518918335
E07000005,Black/African/Caribbean/Black British,524.0,0.00565660927295299
E07000005,Mixed/multiple ethnic group,2040.0,0.0220219139634048
E07000005,Other ethnic group,276.0,0.00297943541857829
E07000005,White,84749.0,0.91487018945323
E07000006,Asian/Asian British,7533.0,0.112656467315716
E07000006,Black/African/Caribbean/Black British,709.0,0.0106031375715973
E07000006,Mixed/multiple ethnic group,1607.0,0.0240327814916177
E07000006,Other ethnic group,653.0,0.00976565420910165
E07000006,White,56365.0,0.842941959411967
E07000007,Asian/Asian British,20585.0,0.119928456572907
E07000007,Black/African/Caribbean/Black British,5934.0,0.0345715550791172
E07000007,Mixed/multiple ethnic group,4849.0,0.0282503320826828
E07000007,Other ethnic group,799.0,0.00465498357064622
E07000007,White,139477.0,0.812594672694647
E07000008,Asian/Asian British,13618.0,0.10994050069833
E07000008,Black/African/Caribbean/Black British,2097.0,0.016929448521398
E07000008,Mixed/multiple ethnic group,3944.0,0.0318406032276555
E07000008,Other ethnic group,2003.0,0.0161705700469051
E07000008,White,102205.0,0.825118877505712
E07000009,Asian/Asian British,1215.0,0.0144956930492257
E07000009,Black/African/Caribbean/Black British,506.0,0.00603688945095326
E07000009,Mixed/multiple ethnic group,1182.0,0.0141019828676418
E07000009,Other ethnic group,242.0,0.00288720799828199
E07000009,White,80673.0,0.962478226633897
E07000010,Asian/Asian British,1075.0,0.0112846675484453
E07000010,Black/African/Caribbean/Black British,497.0,0.00521719048518822
E07000010,Mixed/multiple ethnic group,901.0,0.0094581260103714
E07000010,Other ethnic group,158.0,0.00165858369549243
E07000010,White,92631.0,0.972381432260503
E07000011,Asian/Asian British,4190.0,0.0247185973523374
E07000011,Black/African/Caribbean/Black British,1642.0,0.00968685843735989
E07000011,Mixed/multiple ethnic group,2530.0,0.0149255492366142
E07000011,Other ethnic group,455.0,0.00268423909196026
E07000011,White,160691.0,0.947984755881728
E07000012,Asian/Asian British,5540.0,0.0372424456320796
E07000012,Black/African/Caribbean/Black British,1268.0,0.00852408322409331
E07000012,Mixed/multiple ethnic group,2524.0,0.0169674968908608
E07000012,Other ethnic group,636.0,0.00427548653826762
E07000012,White,138787.0,0.932990487714699
E07000026,Asian/Asian British,477.0,0.00494700379581423
E07000026,Black/African/Caribbean/Black British,73.0,0.000757088631225239
E07000026,Mixed/multiple ethnic group,426.0,0.00441807886167057
E07000026,Other ethnic group,61.0,0.000632635705544378
E07000026,White,95385.0,0.989245193005746
E07000027,Asian/Asian British,633.0,0.00916236050197577
E07000027,Black/African/Caribbean/Black British,70.0,0.00101321522138753
E07000027,Mixed/multiple ethnic group,360.0,0.00521082113856442
E07000027,Other ethnic group,84.0,0.00121585826566503
E07000027,White,67940.0,0.983397744872407
E07000028,Asian/Asian British,1248.0,0.0116067110598564
E07000028,Black/African/Caribbean/Black British,147.0,0.00136713663926193
E07000028,Mixed/multiple ethnic group,535.0,0.0049756333469737
E07000028,Other ethnic group,114.0,0.0010602284141215
E07000028,White,105480.0,0.980990290539786
E07000029,Asian/Asian British,629.0,0.0089089698738014
E07000029,Black/African/Caribbean/Black British,84.0,0.00118975114371911
E07000029,Mixed/multiple ethnic group,339.0,0.0048014956871521
E07000029,Other ethnic group,60.0,0.000849822245513647
E07000029,White,69491.0,0.984249961049814
E07000030,Asian/Asian British,292.0,0.00555513279050301
E07000030,Black/African/Caribbean/Black British,22.0,0.000418537402024199
E07000030,Mixed/multiple ethnic group,211.0,0.00401415417395936
E07000030,Other ethnic group,40.0,0.000760977094589453
E07000030,White,51999.0,0.989251198538924
E07000031,Asian/Asian British,787.0,0.00759227459530379
E07000031,Black/African/Caribbean/Black British,183.0,0.00176542090335526
E07000031,Mixed/multiple ethnic group,633.0,0.00610661984603214
E07000031,Other ethnic group,93.0,0.000897181114819888
E07000031,White,101962.0,0.983638503540489
E07000032,Asian/Asian British,929.0,0.0075955162743543
E07000032,Black/African/Caribbean/Black British,253.0,0.00206853134274665
E07000032,Mixed/multiple ethnic group,980.0,0.0080124929481886
E07000032,Other ethnic group,124.0,0.00101382563834223
E07000032,White,120023.0,0.981309633796368
E07000033,Asian/Asian British,612.0,0.00806685471752827
E07000033,Black/African/Caribbean/Black British,267.0,0.0035193630875491
E07000033,Mixed/multiple ethnic group,518.0,0.00682782801254844
E07000033,Other ethnic group,17.0,0.000224079297709119
E07000033,White,74452.0,0.981361874884665
E07000034,Asian/Asian British,1592.0,0.0153389601880757
E07000034,Black/African/Caribbean/Black British,782.0,0.00753458974062512
E07000034,Mixed/multiple ethnic group,1094.0,0.0105407176166802
E07000034,Other ethnic group,148.0,0.00142598373607739
E07000034,White,100172.0,0.965159748718542
E07000035,Asian/Asian British,398.0,0.00559649024129591
E07000035,Black/African/Caribbean/Black British,87.0,0.00122335339445413
E07000035,Mixed/multiple ethnic group,466.0,0.00655267450362788
E07000035,Other ethnic group,48.0,0.00067495359694021
E07000035,White,70117.0,0.985952528263682
E07000036,Asian/Asian British,1383.0,0.0123392903346687
E07000036,Black/African/Caribbean/Black British,536.0,0.00478225569008128
E07000036,Mixed/multiple ethnic group,1269.0,0.0113221687886439
E07000036,Other ethnic group,128.0,0.00114203120957165
E07000036,White,108765.0,0.970414253977035
E07000037,Asian/Asian British,711.0,0.0078224706244774
E07000037,Black/African/Caribbean/Black British,184.0,0.00202438058354971
E07000037,Mixed/multiple ethnic group,944.0,0.0103859525590811
E07000037,Other ethnic group,99.0,0.00108920477049685
E07000037,White,88954.0,0.978677991462395
E07000038,Asian/Asian British,795.0,0.00802843783767408
E07000038,Black/African/Caribbean/Black British,236.0,0.00238328469143532
E07000038,Mixed/multiple ethnic group,786.0,0.00793754986215324
E07000038,Other ethnic group,122.0,0.0012320370015047
E07000038,White,97084.0,0.980418690607233
E07000039,Asian/Asian British,2375.0,0.0251027893162529
E07000039,Black/African/Caribbean/Black British,425.0,0.00449207808817157
E07000039,Mixed/multiple ethnic group,1062.0,0.0112249104226781
E07000039,Other ethnic group,222.0,0.00234645020135079
E07000039,White,90527.0,0.956833771971547
E07000040,Asian/Asian British,930.0,0.00702114648527447
E07000040,Black/African/Caribbean/Black British,146.0,0.00110224450198932
E07000040,Mixed/multiple ethnic group,904.0,0.00682485636848185
E07000040,Other ethnic group,130.0,0.000981450583963098
E07000040,White,130347.0,0.984070302060291
E07000041,Asian/Asian British,4595.0,0.03901573365712
E07000041,Black/African/Caribbean/Black British,667.0,0.00566343729038065
E07000041,Mixed/multiple ethnic group,1938.0,0.0164553845108811
E07000041,Other ethnic group,983.0,0.00834656500216518
E07000041,White,109590.0,0.930518879539453
E07000042,Asian/Asian British,428.0,0.0055048231511254
E07000042,Black/African/Caribbean/Black British,94.0,0.00120900321543408
E07000042,Mixed/multiple ethnic group,484.0,0.00622508038585209
E07000042,Other ethnic group,48.0,0.000617363344051447
E07000042,White,76696.0,0.986443729903537
E07000043,Asian/Asian British,835.0,0.00891455902292163
E07000043,Black/African/Caribbean/Black British,158.0,0.0016868267372714
E07000043,Mixed/multiple ethnic group,785.0,0.00838075309340536
E07000043,Other ethnic group,147.0,0.00156938943277782
E07000043,White,91742.0,0.979448471713624
E07000044,Asian/Asian British,458.0,0.00550878037045947
E07000044,Black/African/Caribbean/Black British,121.0,0.00145537647341833
E07000044,Mixed/multiple ethnic group,653.0,0.00785422179456339
E07000044,Other ethnic group,124.0,0.00149146018763531
E07000044,White,81784.0,0.983690161173923
E07000045,Asian/Asian British,893.0,0.00718885847689583
E07000045,Black/African/Caribbean/Black British,117.0,0.000941877314442119
E07000045,Mixed/multiple ethnic group,925.0,0.00744646594751248
E07000045,Other ethnic group,122.0,0.00098212848172597
E07000045,White,122163.0,0.983440669779424
E07000046,Asian/Asian British,271.0,0.00424505396387788
E07000046,Black/African/Caribbean/Black British,51.0,0.000798884694309121
E07000046,Mixed/multiple ethnic group,429.0,0.00672003007565908
E07000046,Other ethnic group,67.0,0.00104951518664139
E07000046,White,63021.0,0.987186516079513
E07000047,Asian/Asian British,300.0,0.00560192706290964
E07000047,Black/African/Caribbean/Black British,59.0,0.00110171232237223
E07000047,Mixed/multiple ethnic group,402.0,0.00750658226429892
E07000047,Other ethnic group,62.0,0.00115773159300133
E07000047,White,52730.0,0.984632046757418
E07000061,Asian/Asian British,2795.0,0.0281153180702531
E07000061,Black/African/Caribbean/Black British,783.0,0.00787631271878646
E07000061,Mixed/multiple ethnic group,1791.0,0.0180159336900978
E07000061,Other ethnic group,535.0,0.00538164406711463
E07000061,White,93508.0,0.940610791453748
E07000062,Asian/Asian British,2126.0,0.0235557426817648
E07000062,Black/African/Caribbean/Black British,1065.0,0.0118000310235557
E07000062,Mixed/multiple ethnic group,1948.0,0.0215835309238372
E07000062,Other ethnic group,484.0,0.00536264320694928
E07000062,White,84631.0,0.937698052163893
E07000063,Asian/Asian British,1400.0,0.0143586798219524
E07000063,Black/African/Caribbean/Black British,416.0,0.00426657914709442
E07000063,Mixed/multiple ethnic group,1275.0,0.0130766548378495
E07000063,Other ethnic group,252.0,0.00258456236795143
E07000063,White,94159.0,0.965713523825152
E07000064,Asian/Asian British,1103.0,0.0121760056519627
E07000064,Black/African/Caribbean/Black British,305.0,0.00336689186205678
E07000064,Mixed/multiple ethnic group,1031.0,0.0113811983927231
E07000064,Other ethnic group,198.0,0.00218571996290899
E07000064,White,87951.0,0.970890184130348
E07000065,Asian/Asian British,1719.0,0.0115434979686398
E07000065,Black/African/Caribbean/Black British,343.0,0.00230332740153779
E07000065,Mixed/multiple ethnic group,1428.0,0.00958936305946345
E07000065,Other ethnic group,252.0,0.00169224053990532
E07000065,White,145173.0,0.974871571030454
E07000066,Asian/Asian British,4766.0,0.0273127904777733
E07000066,Black/African/Caribbean/Black British,4685.0,0.0268485991163172
E07000066,Mixed/multiple ethnic group,2887.0,0.0165446970435022
E07000066,Other ethnic group,482.0,0.00276222513854106
E07000066,White,161677.0,0.926531688223866
E07000067,Asian/Asian British,1998.0,0.0135840744064616
E07000067,Black/African/Caribbean/Black British,913.0,0.00620733730385358
E07000067,Mixed/multiple ethnic group,1837.0,0.0124894618041391
E07000067,Other ethnic group,249.0,0.00169291017377825
E07000067,White,142087.0,0.966026216311767
E07000068,Asian/Asian British,2350.0,0.0319289140093205
E07000068,Black/African/Caribbean/Black British,896.0,0.0121737476392984
E07000068,Mixed/multiple ethnic group,1196.0,0.0162497792149563
E07000068,Other ethnic group,291.0,0.0039537506283882
E07000068,White,68868.0,0.935693808508037
E07000069,Asian/Asian British,1012.0,0.011498562679665
E07000069,Black/African/Caribbean/Black British,661.0,0.00751042483325948
E07000069,Mixed/multiple ethnic group,911.0,0.0103509788549159
E07000069,Other ethnic group,154.0,0.00174978127734033
E07000069,White,85273.0,0.968890252354819
E07000070,Asian/Asian British,4962.0,0.029481314241578
E07000070,Black/African/Caribbean/Black British,2051.0,0.0121858475432238
E07000070,Mixed/multiple ethnic group,2646.0,0.0157209910284594
E07000070,Other ethnic group,668.0,0.00396886697165944
E07000070,White,157983.0,0.938642980215079
E07000071,Asian/Asian British,6355.0,0.0367183979107203
E07000071,Black/African/Caribbean/Black British,2575.0,0.0148780290511573
E07000071,Mixed/multiple ethnic group,3152.0,0.0182118631336885
E07000071,Other ethnic group,1686.0,0.00974149785640824
E07000071,White,159306.0,0.920450212048026
E07000072,Asian/Asian British,5922.0,0.0475055952638799
E07000072,Black/African/Caribbean/Black British,2404.0,0.0192846084117472
E07000072,Mixed/multiple ethnic group,2649.0,0.0212499699179361
E07000072,Other ethnic group,815.0,0.00653783521446506
E07000072,White,112869.0,0.905421991191972
E07000073,Asian/Asian British,3733.0,0.0455555013179733
E07000073,Black/African/Caribbean/Black British,3090.0,0.0377086790979205
E07000073,Mixed/multiple ethnic group,1752.0,0.0213804549448404
E07000073,Other ethnic group,370.0,0.00451527872693547
E07000073,White,72999.0,0.89084008591233
E07000074,Asian/Asian British,484.0,0.00785344561813432
E07000074,Black/African/Caribbean/Black British,150.0,0.00243391909652923
E07000074,Mixed/multiple ethnic group,506.0,0.00821042041895861
E07000074,Other ethnic group,60.0,0.000973567638611693
E07000074,White,60429.0,0.980528647227766
E07000075,Asian/Asian British,881.0,0.0105778813020039
E07000075,Black/African/Caribbean/Black British,433.0,0.00519889058316424
E07000075,Mixed/multiple ethnic group,905.0,0.0108660415190846
E07000075,Other ethnic group,131.0,0.00157287451823214
E07000075,White,80937.0,0.971784312077515
E07000076,Asian/Asian British,1275.0,0.00923591794158553
E07000076,Black/African/Caribbean/Black British,434.0,0.00314383402874363
E07000076,Mixed/multiple ethnic group,1467.0,0.0106267385257302
E07000076,Other ethnic group,205.0,0.00148499072786277
E07000076,White,134667.0,0.975508518776078
E07000077,Asian/Asian British,1122.0,0.0141233337109626
E07000077,Black/African/Caribbean/Black British,417.0,0.00524904648615989
E07000077,Mixed/multiple ethnic group,977.0,0.0122981257001876
E07000077,Other ethnic group,166.0,0.00208954848130106
E07000077,White,76761.0,0.966239945621389
E07000078,Asian/Asian British,3675.0,0.0317543980921439
E07000078,Black/African/Caribbean/Black British,721.0,0.00622991048283966
E07000078,Mixed/multiple ethnic group,1878.0,0.0162271454740262
E07000078,Other ethnic group,374.0,0.00323160405073791
E07000078,White,109084.0,0.942556941900252
E07000079,Asian/Asian British,794.0,0.00958000024130983
E07000079,Black/African/Caribbean/Black British,229.0,0.00276299755070523
E07000079,Mixed/multiple ethnic group,698.0,0.00842171305848144
E07000079,Other ethnic group,85.0,0.00102556677646264
E07000079,White,81075.0,0.978209722373041
E07000080,Asian/Asian British,473.0,0.0057710374446383
E07000080,Black/African/Caribbean/Black British,199.0,0.00242798404119032
E07000080,Mixed/multiple ethnic group,528.0,0.00644208831029392
E07000080,Other ethnic group,62.0,0.000756457339466332
E07000080,White,80699.0,0.984602432864411
E07000081,Asian/Asian British,5839.0,0.0479833672999803
E07000081,Black/African/Caribbean/Black British,3486.0,0.0286470317533364
E07000081,Mixed/multiple ethnic group,3565.0,0.0292962329892841
E07000081,Other ethnic group,336.0,0.00276115968706857
E07000081,White,108462.0,0.891312208270331
E07000082,Asian/Asian British,751.0,0.00665904113354437
E07000082,Black/African/Caribbean/Black British,260.0,0.00230539373464918
E07000082,Mixed/multiple ethnic group,1216.0,0.0107821491589746
E07000082,Other ethnic group,126.0,0.00111722927140691
E07000082,White,110426.0,0.979136186701425
E07000083,Asian/Asian British,901.0,0.0109954480553556
E07000083,Black/African/Caribbean/Black British,255.0,0.00311191926094968
E07000083,Mixed/multiple ethnic group,776.0,0.00946999743724296
E07000083,Other ethnic group,110.0,0.00134239654393908
E07000083,White,79901.0,0.975080238702513
E07000084,Asian/Asian British,6715.0,0.0400181169136884
E07000084,Black/African/Caribbean/Black British,1909.0,0.011376706654986
E07000084,Mixed/multiple ethnic group,2813.0,0.0167641046728526
E07000084,Other ethnic group,474.0,0.00282480825273095
E07000084,White,155888.0,0.929016263505742
E07000085,Asian/Asian British,1859.0,0.016080202062141
E07000085,Black/African/Caribbean/Black British,517.0,0.00447200885751851
E07000085,Mixed/multiple ethnic group,1305.0,0.0112881461490554
E07000085,Other ethnic group,292.0,0.00252577676285378
E07000085,White,111635.0,0.965633866168431
E07000086,Asian/Asian British,3740.0,0.0298724430706316
E07000086,Black/African/Caribbean/Black British,605.0,0.00483230696730805
E07000086,Mixed/multiple ethnic group,1740.0,0.0138978745836628
E07000086,Other ethnic group,577.0,0.00460866300849048
E07000086,White,118537.0,0.946788712369907
E07000087,Asian/Asian British,1667.0,0.0149398195033205
E07000087,Black/African/Caribbean/Black British,357.0,0.0031994694437225
E07000087,Mixed/multiple ethnic group,1359.0,0.0121794929244226
E07000087,Other ethnic group,239.0,0.00214194172843047
E07000087,White,107959.0,0.967539276400104
E07000088,Asian/Asian British,1073.0,0.0129868558011183
E07000088,Black/African/Caribbean/Black British,592.0,0.00716516182130667
E07000088,Mixed/multiple ethnic group,1066.0,0.0129021326039069
E07000088,Other ethnic group,206.0,0.00249328266079253
E07000088,White,79685.0,0.964452567112876
E07000089,Asian/Asian British,2448.0,0.026891347093911
E07000089,Black/African/Caribbean/Black British,506.0,0.00555842386826755
E07000089,Mixed/multiple ethnic group,1457.0,0.0160051849329364
E07000089,Other ethnic group,267.0,0.00293300231784078
E07000089,White,86355.0,0.948612041787044
E07000090,Asian/Asian British,1427.0,0.0118242683371449
E07000090,Black/African/Caribbean/Black British,388.0,0.0032150077889364
E07000090,Mixed/multiple ethnic group,1514.0,0.012545159258891
E07000090,Other ethnic group,193.0,0.00159921779191939
E07000090,White,117162.0,0.970816346823108
E07000091,Asian/Asian British,1665.0,0.00943545919234736
E07000091,Black/African/Caribbean/Black British,612.0,0.00346816878421417
E07000091,Mixed/multiple ethnic group,1620.0,0.00918044678174338
E07000091,Other ethnic group,405.0,0.00229511169543584
E07000091,White,172160.0,0.975620813546259
E07000092,Asian/Asian British,9755.0,0.103990107348066
E07000092,Black/African/Caribbean/Black British,1868.0,0.0199132260918695
E07000092,Mixed/multiple ethnic group,2057.0,0.0219280011086593
E07000092,Other ethnic group,607.0,0.00647073246133018
E07000092,White,79520.0,0.847697932990075
E07000093,Asian/Asian British,2368.0,0.0203439921648138
E07000093,Black/African/Caribbean/Black British,487.0,0.00418392068592244
E07000093,Mixed/multiple ethnic group,1494.0,0.0128352720837128
E07000093,Other ethnic group,404.0,0.00347085001460506
E07000093,White,111645.0,0.959165965050946
E07000094,Asian/Asian British,2639.0,0.0226339036836914
E07000094,Black/African/Caribbean/Black British,457.0,0.00391955058107123
E07000094,Mixed/multiple ethnic group,1626.0,0.0139457095072688
E07000094,Other ethnic group,296.0,0.00253870234572666
E07000094,White,111577.0,0.956962133882242
E07000095,Asian/Asian British,2190.0,0.0233951863602859
E07000095,Black/African/Caribbean/Black British,3957.0,0.0422715764509823
E07000095,Mixed/multiple ethnic group,2141.0,0.0228717324188913
E07000095,Other ethnic group,791.0,0.00845004219679732
E07000095,White,84530.0,0.903011462573043
E07000096,Asian/Asian British,6770.0,0.0467389728472112
E07000096,Black/African/Caribbean/Black British,2990.0,0.0206424710211465
E07000096,Mixed/multiple ethnic group,3075.0,0.0212292971204098
E07000096,Other ethnic group,475.0,0.0032793223194129
E07000096,White,131537.0,0.90810993669182
E07000098,Asian/Asian British,7393.0,0.0739070888024712
E07000098,Black/African/Caribbean/Black British,3927.0,0.0392578300726775
E07000098,Mixed/multiple ethnic group,2619.0,0.026181883616079
E07000098,Other ethnic group,1029.0,0.0102868110885625
E07000098,White,85063.0,0.85036638642021
E07000099,Asian/Asian British,6821.0,0.0536604937300376
E07000099,Black/African/Caribbean/Black British,2491.0,0.0195965825951508
E07000099,Mixed/multiple ethnic group,3376.0,0.0265588369495099
E07000099,Other ethnic group,671.0,0.00527872618279654
E07000099,White,113755.0,0.894905360542505
E07000102,Asian/Asian British,7993.0,0.0915400208435929
E07000102,Black/African/Caribbean/Black British,1610.0,0.0184385629373432
E07000102,Mixed/multiple ethnic group,2002.0,0.0229279521742616
E07000102,Other ethnic group,418.0,0.0047871548495711
E07000102,White,75294.0,0.862306309195231
E07000103,Asian/Asian British,16170.0,0.179067784409918
E07000103,Black/African/Caribbean/Black British,5229.0,0.0579063354780124
E07000103,Mixed/multiple ethnic group,3104.0,0.0343739271990343
E07000103,Other ethnic group,852.0,0.00943511146055968
E07000103,White,64946.0,0.719216841452476
E07000105,Asian/Asian British,3991.0,0.0338346502085523
E07000105,Black/African/Caribbean/Black British,1375.0,0.0116568890094612
E07000105,Mixed/multiple ethnic group,1682.0,0.014259554410119
E07000105,Other ethnic group,388.0,0.0032893621350334
E07000105,White,110520.0,0.936959544236834
E07000106,Asian/Asian British,5135.0,0.0339739984782824
E07000106,Black/African/Caribbean/Black British,1937.0,0.0128155082867445
E07000106,Mixed/multiple ethnic group,2551.0,0.0168778325449072
E07000106,Other ethnic group,902.0,0.00596777928479275
E07000106,White,140620.0,0.930364881405273
E07000107,Asian/Asian British,5799.0,0.0595593899245109
E07000107,Black/African/Caribbean/Black British,3578.0,0.0367483181841524
E07000107,Mixed/multiple ethnic group,2161.0,0.0221948338725415
E07000107,Other ethnic group,757.0,0.0077748677656242
E07000107,White,85070.0,0.873722590253171
E07000108,Asian/Asian British,2031.0,0.0181868653401866
E07000108,Black/African/Caribbean/Black British,386.0,0.0034564894245751
E07000108,Mixed/multiple ethnic group,1029.0,0.00921432025359529
E07000108,Other ethnic group,262.0,0.00234611458351989
E07000108,White,107966.0,0.966796210398123
E07000109,Asian/Asian British,10604.0,0.104246952418403
E07000109,Black/African/Caribbean/Black British,2885.0,0.0283621706645694
E07000109,Mixed/multiple ethnic group,2066.0,0.0203106567046795
E07000109,Other ethnic group,1939.0,0.0190621313409359
E07000109,White,84226.0,0.828018088871412
E07000110,Asian/Asian British,4943.0,0.0318609283048542
E07000110,Black/African/Caribbean/Black British,1380.0,0.00889501943368376
E07000110,Mixed/multiple ethnic group,2345.0,0.0151150873710061
E07000110,Other ethnic group,479.0,0.00308747413676415
E07000110,White,145996.0,0.941041490753692
E07000111,Asian/Asian British,2085.0,0.0181473196800501
E07000111,Black/African/Caribbean/Black British,853.0,0.00742429913049533
E07000111,Mixed/multiple ethnic group,1675.0,0.0145787819971626
E07000111,Other ethnic group,251.0,0.00218464136196287
E07000111,White,110029.0,0.957664957830329
E07000112,Asian/Asian British,3699.0,0.0342598338411952
E07000112,Black/African/Caribbean/Black British,458.0,0.00424195833989386
E07000112,Mixed/multiple ethnic group,1267.0,0.0117348498180033
E07000112,Other ethnic group,330.0,0.00305643286498902
E07000112,White,102215.0,0.946706925135919
E07000113,Asian/Asian British,1489.0,0.0109618286892185
E07000113,Black/African/Caribbean/Black British,1395.0,0.0102698126403357
E07000113,Mixed/multiple ethnic group,1575.0,0.0115949497552177
E07000113,Other ethnic group,221.0,0.00162697390216071
E07000113,White,131155.0,0.965546435013067
E07000114,Asian/Asian British,2504.0,0.0186606650470243
E07000114,Black/African/Caribbean/Black British,910.0,0.00678163146677001
E07000114,Mixed/multiple ethnic group,2186.0,0.0162908202047904
E07000114,Other ethnic group,392.0,0.00292131817030093
E07000114,White,128194.0,0.955345565111114
E07000115,Asian/Asian British,2431.0,0.0201233392657589
E07000115,Black/African/Caribbean/Black British,421.0,0.00348495509291834
E07000115,Mixed/multiple ethnic group,1677.0,0.0138818757501759
E07000115,Other ethnic group,404.0,0.00334423244071024
E07000115,White,115872.0,0.959165597450437
E07000116,Asian/Asian British,2903.0,0.0252327269250493
E07000116,Black/African/Caribbean/Black British,638.0,0.00554546323740319
E07000116,Mixed/multiple ethnic group,1893.0,0.0164538587906023
E07000116,Other ethnic group,376.0,0.00326817269163574
E07000116,White,109239.0,0.94949977835531
E07000117,Asian/Asian British,9578.0,0.110017344559437
E07000117,Black/African/Caribbean/Black British,211.0,0.00242364373585729
E07000117,Mixed/multiple ethnic group,976.0,0.0112107880862404
E07000117,Other ethnic group,240.0,0.00275675116874763
E07000117,White,76054.0,0.873591472449718
E07000118,Asian/Asian British,1710.0,0.0159581914049741
E07000118,Black/African/Caribbean/Black British,401.0,0.0037422425458448
E07000118,Mixed/multiple ethnic group,1016.0,0.00948159208623023
E07000118,Other ethnic group,195.0,0.00181979375670757
E07000118,White,103833.0,0.968998180206243
E07000119,Asian/Asian British,845.0,0.0111540847710443
E07000119,Black/African/Caribbean/Black British,163.0,0.00215161635228428
E07000119,Mixed/multiple ethnic group,742.0,0.00979447443800573
E07000119,Other ethnic group,163.0,0.00215161635228428
E07000119,White,73844.0,0.974748208086381
E07000120,Asian/Asian British,9007.0,0.111563901206431
E07000120,Black/African/Caribbean/Black British,106.0,0.00131295365025887
E07000120,Mixed/multiple ethnic group,696.0,0.00862090321302054
E07000120,Other ethnic group,147.0,0.00182079421309485
E07000120,White,70778.0,0.876681447717195
E07000121,Asian/Asian British,3732.0,0.026970189701897
E07000121,Black/African/Caribbean/Black British,628.0,0.00453839205058717
E07000121,Mixed/multiple ethnic group,1356.0,0.00979945799457995
E07000121,Other ethnic group,317.0,0.00229087624209575
E07000121,White,132342.0,0.95640108401084
E07000122,Asian/Asian British,16807.0,0.187888476501364
E07000122,Black/African/Caribbean/Black British,126.0,0.00140857666681572
E07000122,Mixed/multiple ethnic group,946.0,0.0105755041810133
E07000122,Other ethnic group,136.0,0.00152036846576935
E07000122,White,71437.0,0.798607074185038
E07000123,Asian/Asian British,21732.0,0.15500492147045
E07000123,Black/African/Caribbean/Black British,1676.0,0.011954180396856
E07000123,Mixed/multiple ethnic group,3326.0,0.0237229140811115
E07000123,Other ethnic group,1053.0,0.00751059186031583
E07000123,White,112415.0,0.801807392191267
E07000124,Asian/Asian British,729.0,0.0127599243856333
E07000124,Black/African/Caribbean/Black British,92.0,0.00161030595813205
E07000124,Mixed/multiple ethnic group,360.0,0.00630119722747322
E07000124,Other ethnic group,47.0,0.000822656304697893
E07000124,White,55904.0,0.978505916124064
E07000125,Asian/Asian British,3396.0,0.0499543996940367
E07000125,Black/African/Caribbean/Black British,123.0,0.00180930246241652
E07000125,Mixed/multiple ethnic group,602.0,0.00885528522255891
E07000125,Other ethnic group,83.0,0.00122091141772822
E07000125,White,63778.0,0.93816010120326
E07000126,Asian/Asian British,1612.0,0.0147812611753487
E07000126,Black/African/Caribbean/Black British,268.0,0.00245743051798601
E07000126,Mixed/multiple ethnic group,1174.0,0.010765012791476
E07000126,Other ethnic group,156.0,0.00143044462987245
E07000126,White,105847.0,0.970565850885317
E07000127,Asian/Asian British,913.0,0.00824863350950897
E07000127,Black/African/Caribbean/Black British,174.0,0.00157202873018024
E07000127,Mixed/multiple ethnic group,866.0,0.00782400505940281
E07000127,Other ethnic group,129.0,0.00116546957582328
E07000127,White,108603.0,0.981189863125085
E07000128,Asian/Asian British,993.0,0.00921586279223009
E07000128,Black/African/Caribbean/Black British,130.0,0.00120650771700897
E07000128,Mixed/multiple ethnic group,664.0,0.00616247018533815
E07000128,Other ethnic group,110.0,0.00102089114516144
E07000128,White,105852.0,0.982394268160261
E07000129,Asian/Asian British,5718.0,0.0608848426768887
E07000129,Black/African/Caribbean/Black British,900.0,0.0095831336847149
E07000129,Mixed/multiple ethnic group,1505.0,0.0160251291061066
E07000129,Other ethnic group,341.0,0.00363094287387531
E07000129,White,85451.0,0.909875951658415
E07000130,Asian/Asian British,16138.0,0.0971583383503913
E07000130,Black/African/Caribbean/Black British,1327.0,0.00798916315472607
E07000130,Mixed/multiple ethnic group,2577.0,0.0155147501505117
E07000130,Other ethnic group,944.0,0.00568332329921734
E07000130,White,145114.0,0.873654425045154
E07000131,Asian/Asian British,2563.0,0.0300180365885081
E07000131,Black/African/Caribbean/Black British,327.0,0.00382984704035979
E07000131,Mixed/multiple ethnic group,971.0,0.0113724204164812
E07000131,Other ethnic group,205.0,0.00240097444426226
E07000131,White,81316.0,0.952378721510389
E07000132,Asian/Asian British,2246.0,0.0213745979177373
E07000132,Black/African/Caribbean/Black British,262.0,0.00249338586573783
E07000132,Mixed/multiple ethnic group,1027.0,0.00977369192409448
E07000132,Other ethnic group,174.0,0.00165591275052818
E07000132,White,101369.0,0.964702411541902
E07000133,Asian/Asian British,518.0,0.0102826742893441
E07000133,Black/African/Caribbean/Black British,95.0,0.00188581864379863
E07000133,Mixed/multiple ethnic group,414.0,0.00821819914244878
E07000133,Other ethnic group,30.0,0.000595521676989042
E07000133,White,49319.0,0.979017786247419
E07000134,Asian/Asian British,1074.0,0.011490563615355
E07000134,Black/African/Caribbean/Black British,205.0,0.00219326400479308
E07000134,Mixed/multiple ethnic group,881.0,0.00942568579620833
E07000134,Other ethnic group,121.0,0.00129456070526811
E07000134,White,91187.0,0.975595925878376
E07000135,Asian/Asian British,12520.0,0.222894783692362
E07000135,Black/African/Caribbean/Black British,671.0,0.0119458785828734
E07000135,Mixed/multiple ethnic group,1176.0,0.0209364429410717
E07000135,Other ethnic group,792.0,0.0141000534092932
E07000135,White,41011.0,0.730122841374399
E07000136,Asian/Asian British,928.0,0.0143571019694602
E07000136,Black/African/Caribbean/Black British,278.0,0.00430094218481675
E07000136,Mixed/multiple ethnic group,664.0,0.0102727539953896
E07000136,Other ethnic group,175.0,0.00270742763432709
E07000136,White,62592.0,0.968361774216006
E07000137,Asian/Asian British,789.0,0.00578441507027075
E07000137,Black/African/Caribbean/Black British,264.0,0.00193546968130732
E07000137,Mixed/multiple ethnic group,937.0,0.00686945110373091
E07000137,Other ethnic group,97.0,0.000711138481389433
E07000137,White,134314.0,0.984699525663302
E07000138,Asian/Asian British,1794.0,0.0191787558396853
E07000138,Black/African/Caribbean/Black British,778.0,0.00831720849680889
E07000138,Mixed/multiple ethnic group,1230.0,0.0131493142044665
E07000138,Other ethnic group,360.0,0.00384857976716092
E07000138,White,89379.0,0.955506141691878
E07000139,Asian/Asian British,750.0,0.00695952341183676
E07000139,Black/African/Caribbean/Black British,251.0,0.00232912050182803
E07000139,Mixed/multiple ethnic group,791.0,0.0073399773583505
E07000139,Other ethnic group,139.0,0.00128983167232708
E07000139,White,105835.0,0.982081547055658
E07000140,Asian/Asian British,747.0,0.00846267134926929
E07000140,Black/African/Caribbean/Black British,257.0,0.0029115214682225
E07000140,Mixed/multiple ethnic group,796.0,0.00901778633737397
E07000140,Other ethnic group,100.0,0.00113288773082588
E07000140,White,86370.0,0.978475133114308
E07000141,Asian/Asian British,1580.0,0.0118097288247077
E07000141,Black/African/Caribbean/Black British,509.0,0.00380452656441534
E07000141,Mixed/multiple ethnic group,1142.0,0.00853589260621281
E07000141,Other ethnic group,163.0,0.00121834544204263
E07000141,White,130394.0,0.974631506562621
E07000142,Asian/Asian British,728.0,0.00815686274509804
E07000142,Black/African/Caribbean/Black British,224.0,0.00250980392156863
E07000142,Mixed/multiple ethnic group,630.0,0.00705882352941176
E07000142,Other ethnic group,68.0,0.000761904761904762
E07000142,White,87600.0,0.981512605042017
E07000143,Asian/Asian British,1040.0,0.00796989830716295
E07000143,Black/African/Caribbean/Black British,596.0,0.00456736479910492
E07000143,Mixed/multiple ethnic group,1562.0,0.0119701741882582
E07000143,Other ethnic group,177.0,0.00135641538496908
E07000143,White,127116.0,0.974136147320505
E07000144,Asian/Asian British,1265.0,0.010148741235178
E07000144,Black/African/Caribbean/Black British,331.0,0.00265552043386872
E07000144,Mixed/multiple ethnic group,1064.0,0.00853617444603116
E07000144,Other ethnic group,191.0,0.00153233958570672
E07000144,White,121795.0,0.977127224299215
E07000145,Asian/Asian British,1204.0,0.0123770264296802
E07000145,Black/African/Caribbean/Black British,439.0,0.00451288588258273
E07000145,Mixed/multiple ethnic group,1159.0,0.0119144299269098
E07000145,Other ethnic group,260.0,0.00267277979378476
E07000145,White,94215.0,0.968522877967043
E07000146,Asian/Asian British,1863.0,0.0126347057666615
E07000146,Black/African/Caribbean/Black British,561.0,0.00380465374938115
E07000146,Mixed/multiple ethnic group,1372.0,0.00930478599670399
E07000146,Other ethnic group,246.0,0.00166835084197462
E07000146,White,143409.0,0.972587503645279
E07000147,Asian/Asian British,531.0,0.00523157863624272
E07000147,Black/African/Caribbean/Black British,157.0,0.00154681326909625
E07000147,Mixed/multiple ethnic group,617.0,0.00607887762441009
E07000147,Other ethnic group,67.0,0.000660105025665278
E07000147,White,100127.0,0.986482625444586
E07000148,Asian/Asian British,5844.0,0.0441016662641874
E07000148,Black/African/Caribbean/Black British,2147.0,0.0162023062062304
E07000148,Mixed/multiple ethnic group,3039.0,0.0229337720357402
E07000148,Other ethnic group,1107.0,0.0083539603960396
E07000148,White,120375.0,0.908408295097802
E07000149,Asian/Asian British,1270.0,0.0102409444247331
E07000149,Black/African/Caribbean/Black British,378.0,0.00304809212011741
E07000149,Mixed/multiple ethnic group,1214.0,0.00978937522175273
E07000149,Other ethnic group,169.0,0.00136277134470858
E07000149,White,120981.0,0.975558816888688
E07000150,Asian/Asian British,782.0,0.0127663047914456
E07000150,Black/African/Caribbean/Black British,1008.0,0.0164557995265693
E07000150,Mixed/multiple ethnic group,836.0,0.0136478654803689
E07000150,Other ethnic group,110.0,0.00179577177373276
E07000150,White,58519.0,0.955334258427883
E07000151,Asian/Asian British,1183.0,0.0151972560153129
E07000151,Black/African/Caribbean/Black British,481.0,0.0061791040941382
E07000151,Mixed/multiple ethnic group,971.0,0.0124738255205992
E07000151,Other ethnic group,85.0,0.0010919414719371
E07000151,White,75123.0,0.965057872898013
E07000152,Asian/Asian British,1096.0,0.0126318215870455
E07000152,Black/African/Caribbean/Black British,630.0,0.0072609923356192
E07000152,Mixed/multiple ethnic group,1052.0,0.0121247046620181
E07000152,Other ethnic group,145.0,0.00167118077565839
E07000152,White,83842.0,0.966311300639659
E07000153,Asian/Asian British,3023.0,0.0323401979138807
E07000153,Black/African/Caribbean/Black British,991.0,0.010601765177855
E07000153,Mixed/multiple ethnic group,1313.0,0.0140465365070875
E07000153,Other ethnic group,408.0,0.00436480342337523
E07000153,White,87740.0,0.938646696977802
E07000154,Asian/Asian British,13751.0,0.0648421032777068
E07000154,Black/African/Caribbean/Black British,10741.0,0.0506486096506326
E07000154,Mixed/multiple ethnic group,6849.0,0.0322960923095785
E07000154,Other ethnic group,1490.0,0.00702601511772112
E07000154,White,179238.0,0.845187179644361
E07000155,Asian/Asian British,1129.0,0.0132528847621172
E07000155,Black/African/Caribbean/Black British,376.0,0.00441371538578925
E07000155,Mixed/multiple ethnic group,1003.0,0.0117738205636878
E07000155,Other ethnic group,109.0,0.0012795079176889
E07000155,White,82572.0,0.969280071370717
E07000156,Asian/Asian British,4463.0,0.0592255427570465
E07000156,Black/African/Caribbean/Black British,2696.0,0.035776845904772
E07000156,Mixed/multiple ethnic group,2158.0,0.0286374011359414
E07000156,Other ethnic group,251.0,0.00333085620255852
E07000156,White,65788.0,0.873029353999682
E07000163,Asian/Asian British,970.0,0.017506181306286
E07000163,Black/African/Caribbean/Black British,61.0,0.00110090418524066
E07000163,Mixed/multiple ethnic group,375.0,0.00676785359779097
E07000163,Other ethnic group,39.0,0.000703856774170261
E07000163,White,53964.0,0.973921204136512
E07000164,Asian/Asian British,600.0,0.00673098496746691
E07000164,Black/African/Caribbean/Black British,188.0,0.00210904195647296
E07000164,Mixed/multiple ethnic group,593.0,0.00665245680951313
E07000164,Other ethnic group,124.0,0.00139107022660983
E07000164,White,87635.0,0.983116446039937
E07000165,Asian/Asian British,2409.0,0.0152594872964293
E07000165,Black/African/Caribbean/Black British,1147.0,0.0072655176127042
E07000165,Mixed/multiple ethnic group,1776.0,0.0112498337228968
E07000165,Other ethnic group,462.0,0.00292647701575357
E07000165,White,152075.0,0.963298684352216
E07000166,Asian/Asian British,1247.0,0.0239969210045223
E07000166,Black/African/Caribbean/Black British,496.0,0.00954488598094872
E07000166,Mixed/multiple ethnic group,502.0,0.00966034831136342
E07000166,Other ethnic group,164.0,0.00315597036466853
E07000166,White,49556.0,0.953641874338497
E07000167,Asian/Asian British,273.0,0.0052752603814419
E07000167,Black/African/Caribbean/Black British,80.0,0.00154586384804158
E07000167,Mixed/multiple ethnic group,302.0,0.00583563602635698
E07000167,Other ethnic group,32.0,0.000618345539216634
E07000167,White,51064.0,0.986724894204943
E07000168,Asian/Asian British,1364.0,0.012537571351098
E07000168,Black/African/Caribbean/Black British,240.0,0.00220602428465067
E07000168,Mixed/multiple ethnic group,869.0,0.00798764626400596
E07000168,Other ethnic group,216.0,0.0019854218561856
E07000168,White,106104.0,0.97528333624406
E07000169,Asian/Asian British,493.0,0.00590779997363659
E07000169,Black/African/Caribbean/Black British,212.0,0.0025404738223346
E07000169,Mixed/multiple ethnic group,626.0,0.00750158779613896
E07000169,Other ethnic group,41.0,0.000491318050545842
E07000169,White,82077.0,0.983558820357344
E07000170,Asian/Asian British,1099.0,0.00919688360377248
E07000170,Black/African/Caribbean/Black British,472.0,0.00394988995539637
E07000170,Mixed/multiple ethnic group,1059.0,0.00886214716687448
E07000170,Other ethnic group,134.0,0.00112136706360829
E07000170,White,116733.0,0.976869712210348
E07000171,Asian/Asian British,1255.0,0.0111196760674446
E07000171,Black/African/Caribbean/Black British,520.0,0.00460735582077386
E07000171,Mixed/multiple ethnic group,996.0,0.00882485845671301
E07000171,Other ethnic group,200.0,0.00177205993106687
E07000171,White,109892.0,0.973676049724002
E07000172,Asian/Asian British,4503.0,0.0411281704677268
E07000172,Black/African/Caribbean/Black British,933.0,0.0085215596372172
E07000172,Mixed/multiple ethnic group,1827.0,0.0166869126014961
E07000172,Other ethnic group,686.0,0.00626558404194105
E07000172,White,101538.0,0.927397773251619
E07000173,Asian/Asian British,3343.0,0.0294425900319703
E07000173,Black/African/Caribbean/Black British,1653.0,0.0145583611495204
E07000173,Mixed/multiple ethnic group,2619.0,0.0230661511497847
E07000173,Other ethnic group,272.0,0.00239556819883216
E07000173,White,105656.0,0.930537329469892
E07000174,Asian/Asian British,1289.0,0.0123389428139299
E07000174,Black/African/Caribbean/Black British,398.0,0.00380985200926617
E07000174,Mixed/multiple ethnic group,1106.0,0.0105871766890663
E07000174,Other ethnic group,151.0,0.0014454463653246
E07000174,White,101522.0,0.971818582122413
E07000175,Asian/Asian British,1036.0,0.00902305407735788
E07000175,Black/African/Caribbean/Black British,499.0,0.004346046317183
E07000175,Mixed/multiple ethnic group,1160.0,0.0101030335229104
E07000175,Other ethnic group,164.0,0.00142835991185974
E07000175,White,111958.0,0.975099506170689
E07000176,Asian/Asian British,4614.0,0.0415193153902222
E07000176,Black/African/Caribbean/Black British,627.0,0.00564209162324866
E07000176,Mixed/multiple ethnic group,1949.0,0.0175381763536071
E07000176,Other ethnic group,435.0,0.00391436978646438
E07000176,White,103504.0,0.931386046846458
E07000177,Asian/Asian British,6039.0,0.0425677390250092
E07000177,Black/African/Caribbean/Black British,1961.0,0.0138227084331914
E07000177,Mixed/multiple ethnic group,2560.0,0.0180449431866242
E07000177,Other ethnic group,547.0,0.00385569684495446
E07000177,White,130761.0,0.921708912510221
E07000178,Asian/Asian British,18827.0,0.123938488275644
E07000178,Black/African/Caribbean/Black British,7028.0,0.0462654536358011
E07000178,Mixed/multiple ethnic group,6035.0,0.0397285163193027
E07000178,Other ethnic group,2059.0,0.0135544349795268
E07000178,White,117957.0,0.776513106789725
E07000179,Asian/Asian British,2405.0,0.0179134048876409
E07000179,Black/African/Caribbean/Black British,768.0,0.00572037212212399
E07000179,Mixed/multiple ethnic group,1801.0,0.0134145705624288
E07000179,Other ethnic group,290.0,0.00216003634819786
E07000179,White,128993.0,0.960791616079609
E07000180,Asian/Asian British,2962.0,0.0244817667867888
E07000180,Black/African/Caribbean/Black British,1230.0,0.010166297484048
E07000180,Mixed/multiple ethnic group,1574.0,0.0130095546665785
E07000180,Other ethnic group,398.0,0.00328958243792773
E07000180,White,114824.0,0.949052798624657
E07000181,Asian/Asian British,1424.0,0.0135905095486691
E07000181,Black/African/Caribbean/Black British,437.0,0.00417068305671938
E07000181,Mixed/multiple ethnic group,1263.0,0.0120539421067199
E07000181,Other ethnic group,186.0,0.00177516487082335
E07000181,White,101469.0,0.968409700417068
E07000187,Asian/Asian British,929.0,0.00850117588923764
E07000187,Black/African/Caribbean/Black British,210.0,0.00192168669186211
E07000187,Mixed/multiple ethnic group,996.0,0.00911428545283174
E07000187,Other ethnic group,87.0,0.000796127343771447
E07000187,White,107057.0,0.979666724622297
E07000188,Asian/Asian British,735.0,0.00641428421824275
E07000188,Black/African/Caribbean/Black British,140.0,0.00122176842252243
E07000188,Mixed/multiple ethnic group,869.0,0.00758369113694279
E07000188,Other ethnic group,120.0,0.0010472300764478
E07000188,White,112724.0,0.983733026145844
E07000189,Asian/Asian British,1409.0,0.00873836383594947
E07000189,Black/African/Caribbean/Black British,357.0,0.00221404960215327
E07000189,Mixed/multiple ethnic group,1158.0,0.00718170711286692
E07000189,Other ethnic group,189.0,0.00117214390702232
E07000189,White,158130.0,0.980693735542008
E07000192,Asian/Asian British,982.0,0.0100757218197862
E07000192,Black/African/Caribbean/Black British,280.0,0.00287291457183312
E07000192,Mixed/multiple ethnic group,867.0,0.00889577476349757
E07000192,Other ethnic group,77.0,0.000790051507254109
E07000192,White,95256.0,0.977365537337629
E07000193,Asian/Asian British,7864.0,0.0692357130908675
E07000193,Black/African/Caribbean/Black British,1023.0,0.00900662951321941
E07000193,Mixed/multiple ethnic group,1619.0,0.0142538936284479
E07000193,Other ethnic group,373.0,0.00328394213922858
E07000193,White,102704.0,0.904219821628237
E07000194,Asian/Asian British,1623.0,0.0161245454726091
E07000194,Black/African/Caribbean/Black British,481.0,0.00477874699465496
E07000194,Mixed/multiple ethnic group,1034.0,0.0102728157847676
E07000194,Other ethnic group,117.0,0.00116239791761877
E07000194,White,97399.0,0.967661493830349
E07000195,Asian/Asian British,3512.0,0.0283520759499802
E07000195,Black/African/Caribbean/Black British,828.0,0.0066843732592778
E07000195,Mixed/multiple ethnic group,1490.0,0.0120286427008743
E07000195,Other ethnic group,379.0,0.00305963461988682
E07000195,White,117662.0,0.949875273469981
E07000196,Asian/Asian British,2122.0,0.0196243445450426
E07000196,Black/African/Caribbean/Black British,578.0,0.00534536811830095
E07000196,Mixed/multiple ethnic group,1495.0,0.0138258223821106
E07000196,Other ethnic group,236.0,0.00218253784761077
E07000196,White,103700.0,0.959021927106935
E07000197,Asian/Asian British,3288.0,0.0251243610022236
E07000197,Black/African/Caribbean/Black British,1107.0,0.00845884051990922
E07000197,Mixed/multiple ethnic group,1694.0,0.0129442419518755
E07000197,Other ethnic group,472.0,0.00360666009520971
E07000197,White,124308.0,0.949865896430782
E07000198,Asian/Asian British,502.0,0.00516960846909563
E07000198,Black/African/Caribbean/Black British,120.0,0.00123576298066031
E07000198,Mixed/multiple ethnic group,602.0,0.00619941095297922
E07000198,Other ethnic group,57.0,0.000586987415813647
E07000198,White,95825.0,0.986808230181451
E07000199,Asian/Asian British,763.0,0.00993321442984911
E07000199,Black/African/Caribbean/Black British,393.0,0.00511632145600354
E07000199,Mixed/multiple ethnic group,803.0,0.0104539596162108
E07000199,Other ethnic group,93.0,0.00121073255829091
E07000199,White,74761.0,0.973285771939646
E07000200,Asian/Asian British,666.0,0.00759060861636654
E07000200,Black/African/Caribbean/Black British,264.0,0.00300888990198313
E07000200,Mixed/multiple ethnic group,827.0,0.00942557556416686
E07000200,Other ethnic group,138.0,0.00157282881240027
E07000200,White,85845.0,0.978402097105083
E07000202,Asian/Asian British,5740.0,0.0430336472140587
E07000202,Black/African/Caribbean/Black British,3096.0,0.0232111797516944
E07000202,Mixed/multiple ethnic group,4816.0,0.0361062796137468
E07000202,Other ethnic group,1136.0,0.00851676362982067
E07000202,White,118596.0,0.88913212979068
E07000203,Asian/Asian British,647.0,0.00668865203502497
E07000203,Black/African/Caribbean/Black British,371.0,0.00383537852394786
E07000203,Mixed/multiple ethnic group,953.0,0.00985206397121915
E07000203,Other ethnic group,93.0,0.00096142911786294
E07000203,White,94667.0,0.978662476351945
E07000207,Asian/Asian British,7075.0,0.0540592168099331
E07000207,Black/African/Caribbean/Black British,1010.0,0.00771728748806113
E07000207,Mixed/multiple ethnic group,3411.0,0.0260630372492837
E07000207,Other ethnic group,1256.0,0.00959694364851958
E07000207,White,118123.0,0.902563514804202
E07000208,Asian/Asian British,6484.0,0.0863359164869111
E07000208,Black/African/Caribbean/Black British,1128.0,0.0150195733802029
E07000208,Mixed/multiple ethnic group,1922.0,0.0255918617347075
E07000208,Other ethnic group,1066.0,0.0141940294532769
E07000208,White,64502.0,0.858858618944902
E07000209,Asian/Asian British,6616.0,0.0482275500608676
E07000209,Black/African/Caribbean/Black British,1656.0,0.0120714665811361
E07000209,Mixed/multiple ethnic group,2501.0,0.0182311219320178
E07000209,Other ethnic group,1703.0,0.0124140746302384
E07000209,White,124707.0,0.90905578679574
E07000210,Asian/Asian British,2177.0,0.0254992679355783
E07000210,Black/African/Caribbean/Black British,399.0,0.00467349926793558
E07000210,Mixed/multiple ethnic group,1257.0,0.0147232796486091
E07000210,Other ethnic group,374.0,0.00438067349926794
E07000210,White,81168.0,0.950723279648609
E07000211,Asian/Asian British,6992.0,0.0507273188957812
E07000211,Black/African/Caribbean/Black British,2166.0,0.0157144411796713
E07000211,Mixed/multiple ethnic group,3037.0,0.0220335908876555
E07000211,Other ethnic group,761.0,0.00552109406174049
E07000211,White,124879.0,0.906003554975152
E07000212,Asian/Asian British,5561.0,0.0690721649484536
E07000212,Black/African/Caribbean/Black British,862.0,0.0107067445037883
E07000212,Mixed/multiple ethnic group,1671.0,0.0207551856912185
E07000212,Other ethnic group,783.0,0.00972549993789591
E07000212,White,71633.0,0.889740404918644
E07000213,Asian/Asian British,7295.0,0.076309127806021
E07000213,Black/African/Caribbean/Black British,1545.0,0.0161614259712546
E07000213,Mixed/multiple ethnic group,2382.0,0.0249168392644198
E07000213,Other ethnic group,921.0,0.00963409276344693
E07000213,White,83455.0,0.872978514194858
E07000214,Asian/Asian British,5389.0,0.0625580423476969
E07000214,Black/African/Caribbean/Black British,861.0,0.00999489227340267
E07000214,Mixed/multiple ethnic group,1626.0,0.0188753714710253
E07000214,Other ethnic group,576.0,0.00668647845468053
E07000214,White,77692.0,0.901885215453195
E07000215,Asian/Asian British,2164.0,0.0260729174196969
E07000215,Black/African/Caribbean/Black British,882.0,0.0106267620906528
E07000215,Mixed/multiple ethnic group,1789.0,0.021554736258705
E07000215,Other ethnic group,283.0,0.00340972071616184
E07000215,White,77880.0,0.938335863514783
E07000216,Asian/Asian British,2283.0,0.01877899516336
E07000216,Black/African/Caribbean/Black British,538.0,0.00442536110288553
E07000216,Mixed/multiple ethnic group,1623.0,0.01335011351298
E07000216,Other ethnic group,411.0,0.00338071266410029
E07000216,White,116717.0,0.960064817556674
E07000217,Asian/Asian British,11462.0,0.11554668440896
E07000217,Black/African/Caribbean/Black British,1383.0,0.0139418133430109
E07000217,Mixed/multiple ethnic group,2335.0,0.023538781023811
E07000217,Other ethnic group,1092.0,0.0110082864573883
E07000217,White,82926.0,0.83596443476683
E07000218,Asian/Asian British,580.0,0.00935272680362499
E07000218,Black/African/Caribbean/Black British,172.0,0.00277356725900603
E07000218,Mixed/multiple ethnic group,506.0,0.00815944786661077
E07000218,Other ethnic group,47.0,0.000757893378914439
E07000218,White,60709.0,0.978956364691844
E07000219,Asian/Asian British,7880.0,0.0629131670552167
E07000219,Black/African/Caribbean/Black British,1047.0,0.00835914795771724
E07000219,Mixed/multiple ethnic group,1396.0,0.0111455306102897
E07000219,Other ethnic group,537.0,0.00428735668891515
E07000219,White,114392.0,0.913294797687861
E07000220,Asian/Asian British,5225.0,0.0522108418685985
E07000220,Black/African/Caribbean/Black British,1987.0,0.0198551086684986
E07000220,Mixed/multiple ethnic group,1986.0,0.0198451161628778
E07000220,Other ethnic group,312.0,0.00311766175368474
E07000220,White,90565.0,0.90497127154634
E07000221,Asian/Asian British,1466.0,0.0121674897290119
E07000221,Black/African/Caribbean/Black British,264.0,0.00219114412582479
E07000221,Mixed/multiple ethnic group,1258.0,0.0104411337510893
E07000221,Other ethnic group,190.0,0.00157695978752542
E07000221,White,117307.0,0.973623272606549
E07000222,Asian/Asian British,9945.0,0.0722495059862839
E07000222,Black/African/Caribbean/Black British,973.0,0.00706875508543531
E07000222,Mixed/multiple ethnic group,2803.0,0.0203635359758224
E07000222,Other ethnic group,1212.0,0.00880506799953505
E07000222,White,122715.0,0.891513134952923
E07000223,Asian/Asian British,1058.0,0.0172926677781047
E07000223,Black/African/Caribbean/Black British,313.0,0.00511588375666046
E07000223,Mixed/multiple ethnic group,886.0,0.0144813834134222
E07000223,Other ethnic group,262.0,0.00428230525317904
E07000223,White,58663.0,0.958827759798634
E07000224,Asian/Asian British,2116.0,0.0141521422169906
E07000224,Black/African/Caribbean/Black British,538.0,0.00359822897577549
E07000224,Mixed/multiple ethnic group,1502.0,0.0100456132372022
E07000224,Other ethnic group,244.0,0.00163191053919929
E07000224,White,145118.0,0.970572105030832
E07000225,Asian/Asian British,1617.0,0.0142098880433063
E07000225,Black/African/Caribbean/Black British,518.0,0.00455208534720636
E07000225,Mixed/multiple ethnic group,1092.0,0.00959628802924583
E07000225,Other ethnic group,245.0,0.0021530133398949
E07000225,White,110322.0,0.969488725240347
E07000226,Asian/Asian British,13825.0,0.129694081446945
E07000226,Black/African/Caribbean/Black British,3469.0,0.032543129731606
E07000226,Mixed/multiple ethnic group,3098.0,0.029062731596574
E07000226,Other ethnic group,1025.0,0.00961565522481871
E07000226,White,85180.0,0.799084402000056
E07000227,Asian/Asian British,2585.0,0.0196875880610201
E07000227,Black/African/Caribbean/Black British,651.0,0.00495807343432266
E07000227,Mixed/multiple ethnic group,1774.0,0.0135109405107349
E07000227,Other ethnic group,229.0,0.00174408420347141
E07000227,White,126062.0,0.960099313790451
E07000228,Asian/Asian British,3761.0,0.0268911768911769
E07000228,Black/African/Caribbean/Black British,788.0,0.00563420563420563
E07000228,Mixed/multiple ethnic group,1967.0,0.0140640640640641
E07000228,Other ethnic group,326.0,0.00233090233090233
E07000228,White,133018.0,0.951079651079651
E07000229,Asian/Asian British,3372.0,0.0322247706422018
E07000229,Black/African/Caribbean/Black British,869.0,0.00830466360856269
E07000229,Mixed/multiple ethnic group,1836.0,0.017545871559633
E07000229,Other ethnic group,427.0,0.00408065749235474
E07000229,White,98136.0,0.937844036697248
E07000234,Asian/Asian British,1925.0,0.0205581127118554
E07000234,Black/African/Caribbean/Black British,444.0,0.0047417153475656
E07000234,Mixed/multiple ethnic group,1396.0,0.0149086365432468
E07000234,Other ethnic group,176.0,0.00187959887651249
E07000234,White,89696.0,0.95791193652082
E07000235,Asian/Asian British,902.0,0.0120861304283743
E07000235,Black/African/Caribbean/Black British,151.0,0.00202328790984979
E07000235,Mixed/multiple ethnic group,639.0,0.00856212565823853
E07000235,Other ethnic group,98.0,0.0013131272527502
E07000235,White,72841.0,0.976015328750787
E07000236,Asian/Asian British,4029.0,0.0478424015009381
E07000236,Black/African/Caribbean/Black British,862.0,0.0102358277721044
E07000236,Mixed/multiple ethnic group,1655.0,0.0196523143420334
E07000236,Other ethnic group,171.0,0.00203054124017384
E07000236,White,77497.0,0.92023891514475
E07000237,Asian/Asian British,4366.0,0.0442046006803823
E07000237,Black/African/Caribbean/Black British,473.0,0.00478900048598736
E07000237,Mixed/multiple ethnic group,1395.0,0.0141240077757978
E07000237,Other ethnic group,240.0,0.00242993682164264
E07000237,White,92294.0,0.93445245423619
E07000238,Asian/Asian British,1129.0,0.00965419346011766
E07000238,Black/African/Caribbean/Black British,228.0,0.00194965111506362
E07000238,Mixed/multiple ethnic group,962.0,0.00822615952934738
E07000238,Other ethnic group,168.0,0.00143658503215214
E07000238,White,114457.0,0.978733410863319
E07000239,Asian/Asian British,1390.0,0.0141872926767032
E07000239,Black/African/Caribbean/Black British,214.0,0.00218423067108956
E07000239,Mixed/multiple ethnic group,998.0,0.0101862720081653
E07000239,Other ethnic group,100.0,0.00102066853789232
E07000239,White,95273.0,0.97242153610615
E07000240,Asian/Asian British,9011.0,0.0640604561223909
E07000240,Black/African/Caribbean/Black British,2388.0,0.0169766251492919
E07000240,Mixed/multiple ethnic group,3904.0,0.0277540806460786
E07000240,Other ethnic group,981.0,0.00697406585906842
E07000240,White,124380.0,0.88423477222317
E07000241,Asian/Asian British,8704.0,0.0787442891391867
E07000241,Black/African/Caribbean/Black British,4989.0,0.0451350251051703
E07000241,Mixed/multiple ethnic group,2797.0,0.0253042022888678
E07000241,Other ethnic group,1109.0,0.0100330212149998
E07000241,White,92936.0,0.840783462251775
E07000242,Asian/Asian British,2681.0,0.019471700305766
E07000242,Black/African/Caribbean/Black British,984.0,0.00714664420025129
E07000242,Mixed/multiple ethnic group,2214.0,0.0160799494505654
E07000242,Other ethnic group,352.0,0.00255652312854518
E07000242,White,131456.0,0.954745182914872
E07000243,Asian/Asian British,4848.0,0.0577438450635444
E07000243,Black/African/Caribbean/Black British,2836.0,0.0337791964934431
E07000243,Mixed/multiple ethnic group,2265.0,0.0269780959300594
E07000243,Other ethnic group,410.0,0.00488345224341032
E07000243,White,73598.0,0.876615410269543
E07000244,Asian/Asian British,2991.0,0.0124858068394336
E07000244,Black/African/Caribbean/Black British,925.0,0.00386137456585626
E07000244,Mixed/multiple ethnic group,2728.0,0.0113879241250334
E07000244,Other ethnic group,343.0,0.0014318394336094
E07000244,White,232565.0,0.970833055036067
E07000245,Asian/Asian British,3087.0,0.0180784276980018
E07000245,Black/African/Caribbean/Black British,2198.0,0.0128721684743142
E07000245,Mixed/multiple ethnic group,3148.0,0.0184356625828668
E07000245,Other ethnic group,801.0,0.004690903979948
E07000245,White,161522.0,0.945922837264869
E07000246,Asian/Asian British,1800.0,0.0124256188648507
E07000246,Black/African/Caribbean/Black British,306.0,0.00211235520702462
E07000246,Mixed/multiple ethnic group,1218.0,0.00840800209854896
E07000246,Other ethnic group,194.0,0.00133920558876724
E07000246,White,141344.0,0.975714818240809
E08000001,Asian/Asian British,38749.0,0.139996242584524
E08000001,Black/African/Caribbean/Black British,4652.0,0.0168072084570751
E08000001,Mixed/multiple ethnic group,4892.0,0.017674304336202
E08000001,Other ethnic group,1848.0,0.00667663826927663
E08000001,White,226645.0,0.818845606352922
E08000002,Asian/Asian British,13407.0,0.072446774019237
E08000002,Black/African/Caribbean/Black British,1893.0,0.01022911488166
E08000002,Mixed/multiple ethnic group,3365.0,0.018183291905328
E08000002,Other ethnic group,1363.0,0.00736517886090998
E08000002,White,165032.0,0.891775640332865
E08000003,Asian/Asian British,85986.0,0.170903171565032
E08000003,Black/African/Caribbean/Black British,43484.0,0.0864274825242931
E08000003,Mixed/multiple ethnic group,23161.0,0.0460341027215792
E08000003,Other ethnic group,15387.0,0.0305827355717344
E08000003,White,335109.0,0.666052507617361
E08000004,Asian/Asian British,43165.0,0.19193230678933
E08000004,Black/African/Caribbean/Black British,2797.0,0.0124368044037937
E08000004,Mixed/multiple ethnic group,4057.0,0.0180393691334255
E08000004,Other ethnic group,552.0,0.00245445692917202
E08000004,White,174326.0,0.775137062744279
E08000005,Asian/Asian British,31630.0,0.149410247568482
E08000005,Black/African/Caribbean/Black British,2770.0,0.0130846154209514
E08000005,Mixed/multiple ethnic group,3569.0,0.0168588420351537
E08000005,Other ethnic group,856.0,0.00404347682322543
E08000005,White,172874.0,0.816602818152188
E08000006,Asian/Asian British,9429.0,0.0403064125198241
E08000006,Black/African/Caribbean/Black British,6541.0,0.0279609973795916
E08000006,Mixed/multiple ethnic group,4616.0,0.019732145528848
E08000006,Other ethnic group,2485.0,0.010622699661869
E08000006,White,210862.0,0.901377744909867
E08000007,Asian/Asian British,13762.0,0.0485817668343482
E08000007,Black/African/Caribbean/Black British,1958.0,0.00691201129644339
E08000007,Mixed/multiple ethnic group,5104.0,0.0180178271997176
E08000007,Other ethnic group,1632.0,0.00576118612655547
E08000007,White,260819.0,0.920727208542935
E08000008,Asian/Asian British,14553.0,0.0663538873994638
E08000008,Black/African/Caribbean/Black British,1784.0,0.00813408473308895
E08000008,Mixed/multiple ethnic group,3159.0,0.0144033484707556
E08000008,Other ethnic group,399.0,0.00181922635005745
E08000008,White,199429.0,0.909289453046634
E08000009,Asian/Asian British,17973.0,0.0793236766146757
E08000009,Black/African/Caribbean/Black British,6540.0,0.0288642321849429
E08000009,Mixed/multiple ethnic group,6031.0,0.0266177651846163
E08000009,Other ethnic group,2200.0,0.00970968055150986
E08000009,White,193834.0,0.855484645464255
E08000010,Asian/Asian British,3519.0,0.011071294860138
E08000010,Black/African/Caribbean/Black British,1678.0,0.00527923636695412
E08000010,Mixed/multiple ethnic group,2756.0,0.00867078392570057
E08000010,Other ethnic group,703.0,0.00221174205361665
E08000010,White,309193.0,0.972766942793591
E08000011,Asian/Asian British,1403.0,0.00961663685029439
E08000011,Black/African/Caribbean/Black British,505.0,0.0034614409190297
E08000011,Mixed/multiple ethnic group,1913.0,0.0131123494615917
E08000011,Other ethnic group,214.0,0.00146682842905417
E08000011,White,141858.0,0.97234274434003
E08000012,Asian/Asian British,19403.0,0.0416002915858195
E08000012,Black/African/Caribbean/Black British,12308.0,0.026388516664344
E08000012,Mixed/multiple ethnic group,11756.0,0.0252050212793328
E08000012,Other ethnic group,8277.0,0.0177459987350321
E08000012,White,414671.0,0.889060171735472
E08000013,Asian/Asian British,1764.0,0.0100622903689506
E08000013,Black/African/Caribbean/Black British,248.0,0.00141465306774363
E08000013,Mixed/multiple ethnic group,1179.0,0.00672530631802314
E08000013,Other ethnic group,240.0,0.00136901909781641
E08000013,White,171877.0,0.980428731147466
E08000014,Asian/Asian British,2719.0,0.00993096899083239
E08000014,Black/African/Caribbean/Black British,796.0,0.00290733774060411
E08000014,Mixed/multiple ethnic group,2820.0,0.0102998648599291
E08000014,Other ethnic group,714.0,0.00260783812410972
E08000014,White,266741.0,0.974253990284525
E08000015,Asian/Asian British,5116.0,0.0159983488803345
E08000015,Black/African/Caribbean/Black British,695.0,0.00217334880215646
E08000015,Mixed/multiple ethnic group,3286.0,0.0102757182214189
E08000015,Other ethnic group,530.0,0.00165737390668047
E08000015,White,310156.0,0.96989521018941
E08000016,Asian/Asian British,1661.0,0.0071836035654201
E08000016,Black/African/Caribbean/Black British,1221.0,0.00528066222358696
E08000016,Mixed/multiple ethnic group,1630.0,0.00704953269815458
E08000016,Other ethnic group,424.0,0.00183374347485739
E08000016,White,226285.0,0.978652458037981
E08000017,Asian/Asian British,7614.0,0.0251784049047295
E08000017,Black/African/Caribbean/Black British,2337.0,0.00772812349124675
E08000017,Mixed/multiple ethnic group,3321.0,0.0109820702244033
E08000017,Other ethnic group,1064.0,0.0035184952480473
E08000017,White,288066.0,0.952592906131573
E08000018,Asian/Asian British,10551.0,0.0410097947761194
E08000018,Black/African/Caribbean/Black British,2112.0,0.0082089552238806
E08000018,Mixed/multiple ethnic group,2551.0,0.00991526741293532
E08000018,Other ethnic group,1308.0,0.0050839552238806
E08000018,White,240758.0,0.935782027363184
E08000019,Asian/Asian British,44385.0,0.0803060622618501
E08000019,Black/African/Caribbean/Black British,20082.0,0.0363344900831919
E08000019,Mixed/multiple ethnic group,13289.0,0.0240438720603295
E08000019,Other ethnic group,12398.0,0.0224317801041437
E08000019,White,462544.0,0.836883795490485
E08000021,Asian/Asian British,27107.0,0.09674955474575
E08000021,Black/African/Caribbean/Black British,5160.0,0.018416929298265
E08000021,Mixed/multiple ethnic group,4279.0,0.0152724884626504
E08000021,Other ethnic group,4098.0,0.0146264682682733
E08000021,White,239533.0,0.854934559225061
E08000022,Asian/Asian British,3815.0,0.0189989093679812
E08000022,Black/African/Caribbean/Black British,734.0,0.00365536028207031
E08000022,Mixed/multiple ethnic group,1815.0,0.00903879960757168
E08000022,Other ethnic group,412.0,0.00205178261064437
E08000022,White,194025.0,0.966255148131732
E08000023,Asian/Asian British,3311.0,0.0223524408109258
E08000023,Black/African/Caribbean/Black British,420.0,0.00283540475402864
E08000023,Mixed/multiple ethnic group,1325.0,0.00894502690259034
E08000023,Other ethnic group,972.0,0.00656193671646628
E08000023,White,142099.0,0.959305190815989
E08000024,Asian/Asian British,7336.0,0.0266273692768942
E08000024,Black/African/Caribbean/Black British,1273.0,0.00462058902528439
E08000024,Mixed/multiple ethnic group,1778.0,0.00645357995833122
E08000024,Other ethnic group,837.0,0.00303804635833702
E08000024,White,264282.0,0.959260415381153
E08000025,Asian/Asian British,285640.0,0.266195732704593
E08000025,Black/African/Caribbean/Black British,96360.0,0.0898005209473974
E08000025,Mixed/multiple ethnic group,47605.0,0.0443644022384895
E08000025,Other ethnic group,21804.0,0.0203197442791309
E08000025,White,621636.0,0.579319599830389
E08000026,Asian/Asian British,51598.0,0.162790257445734
E08000026,Black/African/Caribbean/Black British,17764.0,0.0560449268046441
E08000026,Mixed/multiple ethnic group,8230.0,0.0259654215042908
E08000026,Other ethnic group,5339.0,0.0168443967693084
E08000026,White,234029.0,0.738354997476022
E08000027,Asian/Asian British,18942.0,0.0605320763761285
E08000027,Black/African/Caribbean/Black British,4671.0,0.0149268994167932
E08000027,Mixed/multiple ethnic group,5758.0,0.0184005752177039
E08000027,Other ethnic group,1947.0,0.00622193816409683
E08000027,White,281607.0,0.899918510825278
E08000028,Asian/Asian British,59258.0,0.192356758195564
E08000028,Black/African/Caribbean/Black British,18357.0,0.059588460801849
E08000028,Mixed/multiple ethnic group,10199.0,0.0331068645049876
E08000028,Other ethnic group,4778.0,0.0155098145509198
E08000028,White,215471.0,0.69943810194668
E08000029,Asian/Asian British,13561.0,0.0656154136466125
E08000029,Black/African/Caribbean/Black British,3239.0,0.0156720245410647
E08000029,Mixed/multiple ethnic group,4404.0,0.0213089212963411
E08000029,Other ethnic group,1226.0,0.00593204757250549
E08000029,White,184244.0,0.891471592943476
E08000030,Asian/Asian British,41022.0,0.152315249718739
E08000030,Black/African/Caribbean/Black British,6369.0,0.0236481845219309
E08000030,Mixed/multiple ethnic group,7224.0,0.0268228112712245
E08000030,Other ethnic group,2239.0,0.00831343776803318
E08000030,White,212469.0,0.788900316720072
E08000031,Asian/Asian British,44960.0,0.180222070790075
E08000031,Black/African/Caribbean/Black British,17309.0,0.0693830921553694
E08000031,Mixed/multiple ethnic group,12784.0,0.0512446386339039
E08000031,Other ethnic group,4735.0,0.0189802381047821
E08000031,White,169682.0,0.68016996031587
E08000032,Asian/Asian British,140149.0,0.268252394478344
E08000032,Black/African/Caribbean/Black British,9267.0,0.0177375146424935
E08000032,Mixed/multiple ethnic group,12979.0,0.0248424735669497
E08000032,Other ethnic group,7740.0,0.0148147581021797
E08000032,White,352317.0,0.674352859210033
E08000033,Asian/Asian British,16875.0,0.0827912042624592
E08000033,Black/African/Caribbean/Black British,899.0,0.00441062474856005
E08000033,Mixed/multiple ethnic group,2797.0,0.0137224887894577
E08000033,Other ethnic group,468.0,0.00229607606487887
E08000033,White,182787.0,0.896779606134644
E08000034,Asian/Asian British,67782.0,0.160446718963779
E08000034,Black/African/Caribbean/Black British,7905.0,0.0187119192913852
E08000034,Mixed/multiple ethnic group,9790.0,0.0231739013108995
E08000034,Other ethnic group,2711.0,0.00641720597077106
E08000034,White,334270.0,0.791250254463166
E08000035,Asian/Asian British,58243.0,0.0775038756595275
E08000035,Black/African/Caribbean/Black British,25893.0,0.0344557775604303
E08000035,Mixed/multiple ethnic group,19632.0,0.0261242739376035
E08000035,Other ethnic group,8230.0,0.0109516490681783
E08000035,White,639487.0,0.85096442377426
E08000036,Asian/Asian British,8498.0,0.0260805249250392
E08000036,Black/African/Caribbean/Black British,2512.0,0.00770937616047287
E08000036,Mixed/multiple ethnic group,2928.0,0.00898608813609259
E08000036,Other ethnic group,942.0,0.00289101606017733
E08000036,White,310957.0,0.954332994718218
E08000037,Asian/Asian British,3738.0,0.0186700230753094
E08000037,Black/African/Caribbean/Black British,1081.0,0.00539922283157022
E08000037,Mixed/multiple ethnic group,1558.0,0.00778167360923812
E08000037,Other ethnic group,1095.0,0.00546914801162756
E08000037,White,192742.0,0.962679932472255
E09000001,Asian/Asian British,940.0,0.127457627118644
E09000001,Black/African/Caribbean/Black British,193.0,0.0261694915254237
E09000001,Mixed/multiple ethnic group,289.0,0.0391864406779661
E09000001,Other ethnic group,154.0,0.0208813559322034
E09000001,White,5799.0,0.786305084745763
E09000002,Asian/Asian British,29594.0,0.159183695424155
E09000002,Black/African/Caribbean/Black British,37140.0,0.199773009665915
E09000002,Mixed/multiple ethnic group,7878.0,0.0423751149743695
E09000002,Other ethnic group,2913.0,0.0156687877532798
E09000002,White,108386.0,0.582999392182281
E09000003,Asian/Asian British,65918.0,0.184962372259292
E09000003,Black/African/Caribbean/Black British,27431.0,0.0769699146431117
E09000003,Mixed/multiple ethnic group,17169.0,0.0481752930810975
E09000003,Other ethnic group,17315.0,0.0485849612498807
E09000003,White,228553.0,0.641307458766618
E09000004,Asian/Asian British,15243.0,0.0657034358202908
E09000004,Black/African/Caribbean/Black British,19624.0,0.0845873006978538
E09000004,Mixed/multiple ethnic group,5395.0,0.023254611051005
E09000004,Other ethnic group,1773.0,0.00764234020267503
E09000004,White,189962.0,0.818812312228175
E09000005,Asian/Asian British,105986.0,0.340555564481146
E09000005,Black/African/Caribbean/Black British,58632.0,0.188397088829266
E09000005,Mixed/multiple ethnic group,15775.0,0.0506884308275629
E09000005,Other ethnic group,17942.0,0.0576514628150957
E09000005,White,112880.0,0.362707453046929
E09000006,Asian/Asian British,16067.0,0.0519308837979004
E09000006,Black/African/Caribbean/Black British,18686.0,0.0603958731964627
E09000006,Mixed/multiple ethnic group,10897.0,0.0352206909034493
E09000006,Other ethnic group,2872.0,0.00928272224233335
E09000006,White,260870.0,0.843169829859854
E09000007,Asian/Asian British,35446.0,0.160871025424575
E09000007,Black/African/Caribbean/Black British,18060.0,0.0819649810745309
E09000007,Mixed/multiple ethnic group,12322.0,0.0559231725803084
E09000007,Other ethnic group,8455.0,0.0383728635096987
E09000007,White,146055.0,0.662867957410887
E09000008,Asian/Asian British,59627.0,0.164090836539361
E09000008,Black/African/Caribbean/Black British,73256.0,0.201597234835351
E09000008,Mixed/multiple ethnic group,23895.0,0.0657579710384228
E09000008,Other ethnic group,6405.0,0.0176262734672985
E09000008,White,200195.0,0.550927684119567
E09000009,Asian/Asian British,100439.0,0.29676258461393
E09000009,Black/African/Caribbean/Black British,36860.0,0.108908580022396
E09000009,Mixed/multiple ethnic group,15066.0,0.0445148308903262
E09000009,Other ethnic group,20266.0,0.0598790364279404
E09000009,White,165818.0,0.489934968045407
E09000010,Asian/Asian British,34893.0,0.111669749668764
E09000010,Black/African/Caribbean/Black British,53687.0,0.171817093699795
E09000010,Mixed/multiple ethnic group,17183.0,0.0549915830842396
E09000010,Other ethnic group,16063.0,0.0514071931026096
E09000010,White,190640.0,0.610114380444592
E09000011,Asian/Asian British,29894.0,0.117435387752056
E09000011,Black/African/Caribbean/Black British,48655.0,0.191135973475489
E09000011,Mixed/multiple ethnic group,12274.0,0.0482170987244507
E09000011,Other ethnic group,4732.0,0.0185891568489572
E09000011,White,159002.0,0.624622383199048
E09000012,Asian/Asian British,25867.0,0.105035124050839
E09000012,Black/African/Caribbean/Black British,56858.0,0.230876680066594
E09000012,Mixed/multiple ethnic group,15869.0,0.064437406098997
E09000012,Other ethnic group,13059.0,0.0530271653063711
E09000012,White,134617.0,0.5466236244772
E09000013,Asian/Asian British,16635.0,0.0911541812562674
E09000013,Black/African/Caribbean/Black British,21505.0,0.117840136333996
E09000013,Mixed/multiple ethnic group,10044.0,0.0550377274744785
E09000013,Other ethnic group,10087.0,0.0552733529505241
E09000013,White,124222.0,0.680694601984734
E09000014,Asian/Asian British,24150.0,0.0947333736064584
E09000014,Black/African/Caribbean/Black British,47830.0,0.187623074931549
E09000014,Mixed/multiple ethnic group,16548.0,0.0649129551320775
E09000014,Other ethnic group,12055.0,0.0472882326635965
E09000014,White,154343.0,0.605442363666319
E09000015,Asian/Asian British,101808.0,0.425875108761127
E09000015,Black/African/Caribbean/Black British,19708.0,0.0824409343417442
E09000015,Mixed/multiple ethnic group,9499.0,0.0397354594739308
E09000015,Other ethnic group,7050.0,0.0294909979251723
E09000015,White,100991.0,0.422457499498026
E09000016,Asian/Asian British,11545.0,0.0486654414244284
E09000016,Black/African/Caribbean/Black British,11481.0,0.0483956633169218
E09000016,Mixed/multiple ethnic group,4933.0,0.0207939906926553
E09000016,Other ethnic group,1324.0,0.00558103459904229
E09000016,White,207949.0,0.876563869966952
E09000017,Asian/Asian British,69253.0,0.252807225045266
E09000017,Black/African/Caribbean/Black British,20082.0,0.0733090940949711
E09000017,Mixed/multiple ethnic group,10479.0,0.0382534606623445
E09000017,Other ethnic group,8091.0,0.0295360960224286
E09000017,White,166031.0,0.60609412417499
E09000018,Asian/Asian British,87257.0,0.343589662816934
E09000018,Black/African/Caribbean/Black British,16813.0,0.0662041211701194
E09000018,Mixed/multiple ethnic group,10349.0,0.0407509932783897
E09000018,Other ethnic group,9033.0,0.0355690136519174
E09000018,White,130505.0,0.51388620908264
E09000019,Asian/Asian British,19034.0,0.0923420254699818
E09000019,Black/African/Caribbean/Black British,26294.0,0.127563371740449
E09000019,Mixed/multiple ethnic group,13339.0,0.0647131594906004
E09000019,Other ethnic group,6943.0,0.0336834445118253
E09000019,White,140515.0,0.681697998787144
E09000020,Asian/Asian British,15861.0,0.0999754174309324
E09000020,Black/African/Caribbean/Black British,10333.0,0.0651312015833696
E09000020,Mixed/multiple ethnic group,8986.0,0.0566407604208032
E09000020,Other ethnic group,11452.0,0.0721845079389092
E09000020,White,112017.0,0.706068112625986
E09000021,Asian/Asian British,26152.0,0.16338872922654
E09000021,Black/African/Caribbean/Black British,4021.0,0.0251218293140072
E09000021,Mixed/multiple ethnic group,6269.0,0.0391665625390479
E09000021,Other ethnic group,4399.0,0.0274834437086093
E09000021,White,119219.0,0.744839435211796
E09000022,Asian/Asian British,20938.0,0.0690827025992623
E09000022,Black/African/Caribbean/Black British,78542.0,0.259140969889734
E09000022,Mixed/multiple ethnic group,23160.0,0.0764139551150499
E09000022,Other ethnic group,7421.0,0.0244847996938163
E09000022,White,173025.0,0.570877572702137
E09000023,Asian/Asian British,25534.0,0.0925530565271762
E09000023,Black/African/Caribbean/Black British,74942.0,0.27164216974464
E09000023,Mixed/multiple ethnic group,20472.0,0.074204831723363
E09000023,Other ethnic group,7251.0,0.0262826902513729
E09000023,White,147686.0,0.535317251753448
E09000024,Asian/Asian British,36143.0,0.180992823984817
E09000024,Black/African/Caribbean/Black British,20811.0,0.104214969978918
E09000024,Mixed/multiple ethnic group,9334.0,0.0467417485840766
E09000024,Other ethnic group,3799.0,0.0190242021503007
E09000024,White,129606.0,0.649026255301888
E09000025,Asian/Asian British,133895.0,0.434746610213518
E09000025,Black/African/Caribbean/Black British,60256.0,0.195646527092316
E09000025,Mixed/multiple ethnic group,13945.0,0.0452783261468128
E09000025,Other ethnic group,10672.0,0.0346511507091277
E09000025,White,89216.0,0.289677385838225
E09000026,Asian/Asian British,116503.0,0.417618381904864
E09000026,Black/African/Caribbean/Black British,24845.0,0.0890597555292684
E09000026,Mixed/multiple ethnic group,11456.0,0.0410653475284081
E09000026,Other ethnic group,7520.0,0.0269563035451841
E09000026,White,118646.0,0.425300211492275
E09000027,Asian/Asian British,13607.0,0.0727685972511899
E09000027,Black/African/Caribbean/Black British,2816.0,0.0150596288571581
E09000027,Mixed/multiple ethnic group,6780.0,0.0362586234557998
E09000027,Other ethnic group,3062.0,0.0163752072303332
E09000027,White,160725.0,0.859537943205519
E09000028,Asian/Asian British,27192.0,0.0943239802555128
E09000028,Black/African/Caribbean/Black British,77511.0,0.26887121335632
E09000028,Mixed/multiple ethnic group,17778.0,0.0616685687328077
E09000028,Other ethnic group,9453.0,0.0327906952543161
E09000028,White,156349.0,0.542345542401043
E09000029,Asian/Asian British,22035.0,0.115884636016535
E09000029,Black/African/Caribbean/Black British,9120.0,0.0479631441103152
E09000029,Mixed/multiple ethnic group,7134.0,0.0375185383862926
E09000029,Other ethnic group,2408.0,0.0126639529624604
E09000029,White,149449.0,0.785969728524397
E09000030,Asian/Asian British,104501.0,0.411265820792142
E09000030,Black/African/Caribbean/Black British,18629.0,0.0733148101504943
E09000030,Mixed/multiple ethnic group,10360.0,0.0407719916881808
E09000030,Other ethnic group,5787.0,0.0227748567470562
E09000030,White,114819.0,0.451872520622127
E09000031,Asian/Asian British,54389.0,0.210606817451374
E09000031,Black/African/Caribbean/Black British,44791.0,0.173441136267711
E09000031,Mixed/multiple ethnic group,13766.0,0.0533051434855508
E09000031,Other ethnic group,10504.0,0.0406739232291316
E09000031,White,134799.0,0.521972979566233
E09000032,Asian/Asian British,33338.0,0.108594602517956
E09000032,Black/African/Caribbean/Black British,32756.0,0.106698806169482
E09000032,Mixed/multiple ethnic group,15241.0,0.0496457597029268
E09000032,Other ethnic group,6444.0,0.0209905698789883
E09000032,White,219216.0,0.714070261730647
E09000033,Asian/Asian British,31862.0,0.145225984065343
E09000033,Black/African/Caribbean/Black British,16472.0,0.0750788528505533
E09000033,Mixed/multiple ethnic group,11395.0,0.0519380480956809
E09000033,Other ethnic group,24337.0,0.110927273058761
E09000033,White,135330.0,0.616829841929661
