UTLA19CD,ethnicity,population,proportion
E06000001,Asian/Asian British,1304,0.014169600556352415
E06000001,Black/African/Caribbean/Black British,170,0.0018472638762115877
E06000001,Mixed/multiple ethnic group,550,0.005976441952449255
E06000001,Other ethnic group,105,0.0011409571000130395
E06000001,White,89899,0.9768657365149737
E06000002,Asian/Asian British,10768,0.07779672282750051
E06000002,Black/African/Caribbean/Black British,1731,0.012506141086033004
E06000002,Mixed/multiple ethnic group,2362,0.017064994364650463
E06000002,Other ethnic group,1496,0.010808311418085137
E06000002,White,122055,0.8818238303037309
E06000003,Asian/Asian British,869,0.006428608417112378
E06000003,Black/African/Caribbean/Black British,122,9.025203991803339e-4
E06000003,Mixed/multiple ethnic group,853,0.006310245086072335
E06000003,Other ethnic group,130,9.617020647003558e-4
E06000003,White,133203,0.9853969240329346
E06000004,Asian/Asian British,6632,0.03461197223526956
E06000004,Black/African/Caribbean/Black British,1133,0.005913052554668337
E06000004,Mixed/multiple ethnic group,1997,0.010422211784353635
E06000004,Other ethnic group,549,0.0028651949271958667
E06000004,White,181299,0.9461875684985126
E06000005,Asian/Asian British,2205,0.020887802659997727
E06000005,Black/African/Caribbean/Black British,357,0.0033818347163805844
E06000005,Mixed/multiple ethnic group,1146,0.010855973627372967
E06000005,Other ethnic group,261,0.002472433784244629
E06000005,White,101595,0.9624019552120041
E06000006,Asian/Asian British,943,0.007499244508771651
E06000006,Black/African/Caribbean/Black British,260,0.0020676602039031064
E06000006,Mixed/multiple ethnic group,1356,0.010783643217279277
E06000006,Other ethnic group,146,0.001161070729884052
E06000006,White,123041,0.9784883813401619
E06000007,Asian/Asian British,4911,0.02428447099313646
E06000007,Black/African/Caribbean/Black British,694,0.0034317700812943807
E06000007,Mixed/multiple ethnic group,2144,0.010601894890915205
E06000007,Other ethnic group,487,0.0024081729533002353
E06000007,White,193992,0.9592736910813537
E06000008,Asian/Asian British,41494,0.28133623524466234
E06000008,Black/African/Caribbean/Black British,933,0.006325895490511157
E06000008,Mixed/multiple ethnic group,1823,0.012360243814792967
E06000008,Other ethnic group,1230,0.008339604987490593
E06000008,White,102009,0.691638020462543
E06000009,Asian/Asian British,2282,0.01606306972160631
E06000009,Black/African/Caribbean/Black British,346,0.0024355048745292648
E06000009,Mixed/multiple ethnic group,1753,0.012339422095519657
E06000009,Other ethnic group,345,0.0024284658430999894
E06000009,White,137339,0.9667335374652448
E06000010,Asian/Asian British,6471,0.025237318939494397
E06000010,Black/African/Caribbean/Black British,2996,0.011684593964259807
E06000010,Mixed/multiple ethnic group,3454,0.01347082361567202
E06000010,Other ethnic group,2164,0.008439740099685655
E06000010,White,241321,0.9411675233808882
E06000011,Asian/Asian British,2961,0.008860520858581779
E06000011,Black/African/Caribbean/Black British,598,0.0017894601396257694
E06000011,Mixed/multiple ethnic group,2301,0.006885531406820895
E06000011,Other ethnic group,530,0.0015859763779291936
E06000011,White,327789,0.9808785112170424
E06000012,Asian/Asian British,2129,0.013338261828388131
E06000012,Black/African/Caribbean/Black British,411,0.00257492983159583
E06000012,Mixed/multiple ethnic group,1186,0.00743033279871692
E06000012,Other ethnic group,469,0.0029383019246190857
E06000012,White,155421,0.97371817361668
E06000013,Asian/Asian British,4549,0.027166967261087156
E06000013,Black/African/Caribbean/Black British,494,0.002950204842158069
E06000013,Mixed/multiple ethnic group,1244,0.007429260776608579
E06000013,Other ethnic group,411,0.002454522652078879
E06000013,White,160748,0.9599990444680673
E06000014,Asian/Asian British,6740,0.03403163831538341
E06000014,Black/African/Caribbean/Black British,1194,0.006028750170410652
E06000014,Mixed/multiple ethnic group,2413,0.012183730453267087
E06000014,Other ethnic group,973,0.00491287597638992
E06000014,White,186731,0.9428430050845489
E06000015,Asian/Asian British,31095,0.12500402006818034
E06000015,Black/African/Caribbean/Black British,7320,0.029426899080208402
E06000015,Mixed/multiple ethnic group,7232,0.029073133080337044
E06000015,Other ethnic group,3354,0.01348330867691516
E06000015,White,199751,0.803012639094359
E06000016,Asian/Asian British,122470,0.37130236266784705
E06000016,Black/African/Caribbean/Black British,20585,0.062409236021210346
E06000016,Mixed/multiple ethnic group,11580,0.035108037557717554
E06000016,Other ethnic group,8568,0.025976309654103972
E06000016,White,166636,0.5052040540991211
E06000017,Asian/Asian British,365,0.009767454307045948
E06000017,Black/African/Caribbean/Black British,251,0.00671679734539324
E06000017,Mixed/multiple ethnic group,389,0.0104096978779202
E06000017,Other ethnic group,63,0.0016858893735449169
E06000017,White,36301,0.9714201610960957
E06000018,Asian/Asian British,40039,0.1309833813137922
E06000018,Black/African/Caribbean/Black British,22185,0.07257589636220885
E06000018,Mixed/multiple ethnic group,20265,0.06629481811044229
E06000018,Other ethnic group,4493,0.014698377388118293
E06000018,White,218698,0.7154475268254383
E06000019,Asian/Asian British,1439,0.007842944892275326
E06000019,Black/African/Caribbean/Black British,331,0.0018040408334559644
E06000019,Mixed/multiple ethnic group,1270,0.006921848515072734
E06000019,Other ethnic group,268,0.0014606735449129863
E06000019,White,180169,0.981970492214283
E06000020,Asian/Asian British,6991,0.04195246067894456
E06000020,Black/African/Caribbean/Black British,1779,0.010675644049183574
E06000020,Mixed/multiple ethnic group,2983,0.017900756716534346
E06000020,Other ethnic group,473,0.0028384371193163746
E06000020,White,154415,0.9266327014360212
E06000021,Asian/Asian British,18442,0.07406187753003919
E06000021,Black/African/Caribbean/Black British,3741,0.01502361369915826
E06000021,Mixed/multiple ethnic group,4491,0.018035565122405707
E06000021,Other ethnic group,1622,0.006513846944676476
E06000021,White,220712,0.8863650967037203
E06000022,Asian/Asian British,4577,0.02600331788019271
E06000022,Black/African/Caribbean/Black British,1326,0.007533406053995092
E06000022,Mixed/multiple ethnic group,2898,0.01646441232615217
E06000022,Other ethnic group,742,0.004215525861285338
E06000022,White,166473,0.9457833378783747
E06000023,Asian/Asian British,23655,0.055238491105330266
E06000023,Black/African/Caribbean/Black British,25734,0.06009331346880444
E06000023,Mixed/multiple ethnic group,15438,0.03605038366874186
E06000023,Other ethnic group,3815,0.008908680767991332
E06000023,White,359592,0.8397091309891321
E06000024,Asian/Asian British,2436,0.012025710138917687
E06000024,Black/African/Caribbean/Black British,632,0.0031199707749572977
E06000024,Mixed/multiple ethnic group,2033,0.010036235103620549
E06000024,Other ethnic group,389,0.0019203617586366912
E06000024,White,197076,0.9728977222238677
E06000025,Asian/Asian British,6440,0.024508404784466847
E06000025,Black/African/Caribbean/Black British,2218,0.00844093816955706
E06000025,Mixed/multiple ethnic group,3667,0.0139553292460621
E06000025,Other ethnic group,868,0.0033033067318194447
E06000025,White,249574,0.9497920210680946
E06000026,Asian/Asian British,3906,0.015234960059910135
E06000026,Black/African/Caribbean/Black British,1678,0.0065448701947079385
E06000026,Mixed/multiple ethnic group,3287,0.012820612830753869
E06000026,Other ethnic group,1004,0.003916000998502246
E06000026,White,246509,0.9614835559161258
E06000027,Asian/Asian British,1353,0.01033147779075894
E06000027,Black/African/Caribbean/Black British,251,0.0019166303957727229
E06000027,Mixed/multiple ethnic group,1420,0.010843088294809827
E06000027,Other ethnic group,236,0.0018020907306867035
E06000027,White,127699,0.9751067127879718
E06000030,Asian/Asian British,13365,0.06389967297137066
E06000030,Black/African/Caribbean/Black British,2861,0.013678785212951098
E06000030,Mixed/multiple ethnic group,4226,0.020205014438983343
E06000030,Other ethnic group,806,0.0038535829715618964
E06000030,White,187898,0.898362944405133
E06000031,Asian/Asian British,21492,0.11703906203200985
E06000031,Black/African/Caribbean/Black British,4164,0.022675909840930996
E06000031,Mixed/multiple ethnic group,4948,0.026945341472845
E06000031,Other ethnic group,1483,0.00807597845679651
E06000031,White,151544,0.8252637081974177
E06000032,Asian/Asian British,60952,0.29995915374432214
E06000032,Black/African/Caribbean/Black British,19909,0.0979768800350392
E06000032,Mixed/multiple ethnic group,8281,0.04075275220102263
E06000032,Other ethnic group,2980,0.014665282159044493
E06000032,White,111079,0.5466459318605715
E06000033,Asian/Asian British,6440,0.037084384249501896
E06000033,Black/African/Caribbean/Black British,3647,0.02100104803694618
E06000033,Mixed/multiple ethnic group,3651,0.02102408181598314
E06000033,Other ethnic group,897,0.005165324949037764
E06000033,White,159023,0.9157251609485311
E06000034,Asian/Asian British,5927,0.037582828699153484
E06000034,Black/African/Caribbean/Black British,12323,0.07813956437652579
E06000034,Mixed/multiple ethnic group,3099,0.019650613487207126
E06000034,Other ethnic group,927,0.0058780634729399825
E06000034,White,135429,0.8587489299641736
E06000035,Asian/Asian British,13615,0.05158662498815952
E06000035,Black/African/Caribbean/Black British,6663,0.02524580846831486
E06000035,Mixed/multiple ethnic group,5176,0.019611632092450506
E06000035,Other ethnic group,1892,0.007168703230084304
E06000035,White,236579,0.8963872312209908
E06000036,Asian/Asian British,5664,0.05003312574532927
E06000036,Black/African/Caribbean/Black British,2189,0.019336601740205822
E06000036,Mixed/multiple ethnic group,2303,0.020343624398215625
E06000036,Other ethnic group,495,0.004372598383463628
E06000036,White,102554,0.9059140497327857
E06000037,Asian/Asian British,3808,0.02475588667420785
E06000037,Black/African/Caribbean/Black British,1376,0.008945404428495275
E06000037,Mixed/multiple ethnic group,2420,0.015732469997789652
E06000037,Other ethnic group,364,0.0023663715203286915
E06000037,White,145854,0.9481998673791785
E06000038,Asian/Asian British,21161,0.13591054477257256
E06000038,Black/African/Caribbean/Black British,10470,0.0672455651325001
E06000038,Mixed/multiple ethnic group,6180,0.03969222469138974
E06000038,Other ethnic group,1500,0.009634035119269354
E06000038,White,116387,0.7475176302842682
E06000039,Asian/Asian British,55697,0.39725402089797085
E06000039,Black/African/Caribbean/Black British,12115,0.08640918654826861
E06000039,Mixed/multiple ethnic group,4758,0.03393602225312935
E06000039,Other ethnic group,3582,0.025548304268749333
E06000039,White,64053,0.4568524660318819
E06000040,Asian/Asian British,13848,0.09579413392363033
E06000040,Black/African/Caribbean/Black British,1725,0.011932761483121196
E06000040,Mixed/multiple ethnic group,3315,0.022931654676258992
E06000040,Other ethnic group,1167,0.008072772551189817
E06000040,White,124505,0.8612686773657997
E06000041,Asian/Asian British,11438,0.07408990801917346
E06000041,Black/African/Caribbean/Black British,2093,0.013557455628967484
E06000041,Mixed/multiple ethnic group,3182,0.020611478170747505
E06000041,Other ethnic group,1142,0.007397331260525975
E06000041,White,136525,0.8843438269205856
E06000042,Asian/Asian British,22782,0.09155979599792621
E06000042,Black/African/Caribbean/Black British,17131,0.06884869042403977
E06000042,Mixed/multiple ethnic group,8235,0.0330960811185551
E06000042,Other ethnic group,1579,0.0063459273935881615
E06000042,White,199094,0.8001495050658908
E06000043,Asian/Asian British,11278,0.041255592258083396
E06000043,Black/African/Caribbean/Black British,4188,0.015319952152584967
E06000043,Mixed/multiple ethnic group,10408,0.0380730807077613
E06000043,Other ethnic group,3983,0.014570050005669992
E06000043,White,243512,0.8907813248759003
E06000044,Asian/Asian British,12474,0.06083216292134831
E06000044,Black/African/Caribbean/Black British,3777,0.01841935861423221
E06000044,Mixed/multiple ethnic group,5467,0.02666100967540574
E06000044,Other ethnic group,2156,0.01051420099875156
E06000044,White,181182,0.8835732677902621
E06000045,Asian/Asian British,19892,0.08397429944022762
E06000045,Black/African/Caribbean/Black British,5067,0.021390396906476643
E06000045,Mixed/multiple ethnic group,5678,0.02396974020820493
E06000045,Other ethnic group,2717,0.011469845745983233
E06000045,White,203528,0.8591957176991075
E06000046,Asian/Asian British,1514,0.01094998734314541
E06000046,Black/African/Caribbean/Black British,303,0.0021914439662966043
E06000046,Mixed/multiple ethnic group,1709,0.012360322568979858
E06000046,Other ethnic group,194,0.0014031027374968358
E06000046,White,134545,0.9730951433840813
E06000047,Asian/Asian British,4856,0.009461423655897219
E06000047,Black/African/Caribbean/Black British,701,0.0013658274264382105
E06000047,Mixed/multiple ethnic group,3094,0.006028345302995468
E06000047,Other ethnic group,822,0.0016015836583911684
E06000047,White,503769,0.9815428199562779
E06000049,Asian/Asian British,6060,0.016372758539636396
E06000049,Black/African/Caribbean/Black British,1402,0.003787889021876275
E06000049,Mixed/multiple ethnic group,3873,0.010463975878549796
E06000049,Other ethnic group,852,0.0023019125867607603
E06000049,White,357940,0.9670734639731767
E06000050,Asian/Asian British,4097,0.012429916749593456
E06000050,Black/African/Caribbean/Black British,908,0.0027547875051576417
E06000050,Mixed/multiple ethnic group,3050,0.00925341617921895
E06000050,Other ethnic group,528,0.0016019028664352806
E06000050,White,321025,0.9739599766995947
E06000051,Asian/Asian British,3089,0.010090517396261054
E06000051,Black/African/Caribbean/Black British,580,0.0018946261216676629
E06000051,Mixed/multiple ethnic group,2168,0.007081981778923265
E06000051,Other ethnic group,418,0.0013654374463053158
E06000051,White,299874,0.9795674372568427
E06000052,Asian/Asian British,3434,0.0064515765406098
E06000052,Black/African/Caribbean/Black British,762,0.001431596192179577
E06000052,Mixed/multiple ethnic group,4400,0.00826643470549887
E06000052,Other ethnic group,829,0.0015574714479224007
E06000052,White,522848,0.9822929211137894
E06000053,Asian/Asian British,2,9.078529278256923e-4
E06000053,Black/African/Caribbean/Black British,2,9.078529278256923e-4
E06000053,Mixed/multiple ethnic group,18,0.008170676350431231
E06000053,Other ethnic group,4,0.0018157058556513845
E06000053,White,2177,0.988197911938266
E06000054,Asian/Asian British,6178,0.01311730197184175
E06000054,Black/African/Caribbean/Black British,3228,0.0068537796641478105
E06000054,Mixed/multiple ethnic group,5568,0.0118221329522847
E06000054,Other ethnic group,1036,0.0021996641053460757
E06000054,White,454971,0.9660071213063797
E06000055,Asian/Asian British,17932,0.11386915080740924
E06000055,Black/African/Caribbean/Black British,6202,0.03938302884829088
E06000055,Mixed/multiple ethnic group,5386,0.034201385581569606
E06000055,Other ethnic group,1113,0.007067609014535271
E06000055,White,126846,0.805478825748195
E06000056,Asian/Asian British,6402,0.02516697394852603
E06000056,Black/African/Caribbean/Black British,3614,0.014207035902838656
E06000056,Mixed/multiple ethnic group,4789,0.018826091571304462
E06000056,Other ethnic group,854,0.003357168970953019
E06000056,White,238722,0.9384427296063779
E06000057,Asian/Asian British,2658,0.008410647157846772
E06000057,Black/African/Caribbean/Black British,338,0.0010695254850836002
E06000057,Mixed/multiple ethnic group,1692,0.005353955978584176
E06000057,Other ethnic group,274,8.670117837659955e-4
E06000057,White,311066,0.9842988595947194
E06000058,Asian/Asian British,10837,0.02860211988767129
E06000058,Black/African/Caribbean/Black British,2367,0.0062472287325014255
E06000058,Mixed/multiple ethnic group,6612,0.017451067333882308
E06000058,Other ethnic group,2161,0.00570353244230485
E06000058,White,356911,0.9419960516036401
E06000059,Asian/Asian British,3338,0.009141373615991105
E06000059,Black/African/Caribbean/Black British,841,0.002303144161488472
E06000059,Mixed/multiple ethnic group,2895,0.007928183528548308
E06000059,Other ethnic group,353,9.667180606485501e-4
E06000059,White,357726,0.9796605806333236
E08000001,Asian/Asian British,38749,0.13999624258452378
E08000001,Black/African/Caribbean/Black British,4652,0.016807208457075142
E08000001,Mixed/multiple ethnic group,4892,0.017674304336201974
E08000001,Other ethnic group,1848,0.006676638269276626
E08000001,White,226645,0.8188456063529225
E08000002,Asian/Asian British,13407,0.072446774019237
E08000002,Black/African/Caribbean/Black British,1893,0.010229114881660003
E08000002,Mixed/multiple ethnic group,3365,0.018183291905328
E08000002,Other ethnic group,1363,0.007365178860909975
E08000002,White,165032,0.891775640332865
E08000003,Asian/Asian British,85986,0.1709031715650323
E08000003,Black/African/Caribbean/Black British,43484,0.08642748252429307
E08000003,Mixed/multiple ethnic group,23161,0.04603410272157924
E08000003,Other ethnic group,15387,0.030582735571734375
E08000003,White,335109,0.666052507617361
E08000004,Asian/Asian British,43165,0.19193230678933024
E08000004,Black/African/Caribbean/Black British,2797,0.012436804403793737
E08000004,Mixed/multiple ethnic group,4057,0.018039369133425524
E08000004,Other ethnic group,552,0.002454456929172021
E08000004,White,174326,0.7751370627442785
E08000005,Asian/Asian British,31630,0.14941024756848167
E08000005,Black/African/Caribbean/Black British,2770,0.013084615420951445
E08000005,Mixed/multiple ethnic group,3569,0.016858842035153684
E08000005,Other ethnic group,856,0.004043476823225429
E08000005,White,172874,0.8166028181521878
E08000006,Asian/Asian British,9429,0.04030641251982405
E08000006,Black/African/Caribbean/Black British,6541,0.027960997379591592
E08000006,Mixed/multiple ethnic group,4616,0.019732145528848003
E08000006,Other ethnic group,2485,0.010622699661868996
E08000006,White,210862,0.9013777449098673
E08000007,Asian/Asian British,13762,0.04858176683434825
E08000007,Black/African/Caribbean/Black British,1958,0.0069120112964433855
E08000007,Mixed/multiple ethnic group,5104,0.01801782719971759
E08000007,Other ethnic group,1632,0.005761186126555467
E08000007,White,260819,0.9207272085429353
E08000008,Asian/Asian British,14553,0.06635388739946381
E08000008,Black/African/Caribbean/Black British,1784,0.008134084733088945
E08000008,Mixed/multiple ethnic group,3159,0.014403348470755594
E08000008,Other ethnic group,399,0.0018192263500574493
E08000008,White,199429,0.9092894530466342
E08000009,Asian/Asian British,17973,0.07932367661467574
E08000009,Black/African/Caribbean/Black British,6540,0.028864232184942933
E08000009,Mixed/multiple ethnic group,6031,0.026617765184616334
E08000009,Other ethnic group,2200,0.009709680551509855
E08000009,White,193834,0.8554846454642552
E08000010,Asian/Asian British,3519,0.01107129486013799
E08000010,Black/African/Caribbean/Black British,1678,0.0052792363669541195
E08000010,Mixed/multiple ethnic group,2756,0.008670783925700568
E08000010,Other ethnic group,703,0.0022117420536166546
E08000010,White,309193,0.9727669427935907
E08000011,Asian/Asian British,1403,0.009616636850294394
E08000011,Black/African/Caribbean/Black British,505,0.0034614409190296997
E08000011,Mixed/multiple ethnic group,1913,0.013112349461591715
E08000011,Other ethnic group,214,0.00146682842905417
E08000011,White,141858,0.97234274434003
E08000012,Asian/Asian British,19403,0.041600291585819495
E08000012,Black/African/Caribbean/Black British,12308,0.026388516664343987
E08000012,Mixed/multiple ethnic group,11756,0.025205021279332784
E08000012,Other ethnic group,8277,0.017745998735032107
E08000012,White,414671,0.8890601717354716
E08000013,Asian/Asian British,1764,0.010062290368950648
E08000013,Black/African/Caribbean/Black British,248,0.0014146530677436283
E08000013,Mixed/multiple ethnic group,1179,0.006725306318023137
E08000013,Other ethnic group,240,0.0013690190978164144
E08000013,White,171877,0.9804287311474662
E08000014,Asian/Asian British,2719,0.00993096899083239
E08000014,Black/African/Caribbean/Black British,796,0.0029073377406041126
E08000014,Mixed/multiple ethnic group,2820,0.010299864859929142
E08000014,Other ethnic group,714,0.002607838124109719
E08000014,White,266741,0.9742539902845246
E08000015,Asian/Asian British,5116,0.015998348880334478
E08000015,Black/African/Caribbean/Black British,695,0.002173348802156462
E08000015,Mixed/multiple ethnic group,3286,0.0102757182214189
E08000015,Other ethnic group,530,0.0016573739066804676
E08000015,White,310156,0.9698952101894097
E08000016,Asian/Asian British,1661,0.0071836035654200955
E08000016,Black/African/Caribbean/Black British,1221,0.005280662223586958
E08000016,Mixed/multiple ethnic group,1630,0.007049532698154579
E08000016,Other ethnic group,424,0.0018337434748573874
E08000016,White,226285,0.978652458037981
E08000017,Asian/Asian British,7614,0.025178404904729466
E08000017,Black/African/Caribbean/Black British,2337,0.007728123491246751
E08000017,Mixed/multiple ethnic group,3321,0.010982070224403277
E08000017,Other ethnic group,1064,0.0035184952480473014
E08000017,White,288066,0.9525929061315732
E08000018,Asian/Asian British,10551,0.0410097947761194
E08000018,Black/African/Caribbean/Black British,2112,0.008208955223880597
E08000018,Mixed/multiple ethnic group,2551,0.009915267412935323
E08000018,Other ethnic group,1308,0.005083955223880597
E08000018,White,240758,0.935782027363184
E08000019,Asian/Asian British,44385,0.08030606226185005
E08000019,Black/African/Caribbean/Black British,20082,0.03633449008319191
E08000019,Mixed/multiple ethnic group,13289,0.02404387206032951
E08000019,Other ethnic group,12398,0.022431780104143675
E08000019,White,462544,0.8368837954904849
E08000021,Asian/Asian British,27107,0.09674955474575
E08000021,Black/African/Caribbean/Black British,5160,0.018416929298265026
E08000021,Mixed/multiple ethnic group,4279,0.015272488462650396
E08000021,Other ethnic group,4098,0.01462646826827327
E08000021,White,239533,0.8549345592250613
E08000022,Asian/Asian British,3815,0.018998909367981234
E08000022,Black/African/Caribbean/Black British,734,0.0036553602820703084
E08000022,Mixed/multiple ethnic group,1815,0.009038799607571675
E08000022,Other ethnic group,412,0.002051782610644369
E08000022,White,194025,0.9662551481317324
E08000023,Asian/Asian British,3311,0.02235244081092576
E08000023,Black/African/Caribbean/Black British,420,0.0028354047540286374
E08000023,Mixed/multiple ethnic group,1325,0.008945026902590344
E08000023,Other ethnic group,972,0.006561936716466275
E08000023,White,142099,0.959305190815989
E08000024,Asian/Asian British,7336,0.02662736927689415
E08000024,Black/African/Caribbean/Black British,1273,0.004620589025284386
E08000024,Mixed/multiple ethnic group,1778,0.006453579958331216
E08000024,Other ethnic group,837,0.0030380463583370237
E08000024,White,264282,0.9592604153811533
E08000025,Asian/Asian British,285640,0.266195732704593
E08000025,Black/African/Caribbean/Black British,96360,0.08980052094739736
E08000025,Mixed/multiple ethnic group,47605,0.04436440223848953
E08000025,Other ethnic group,21804,0.020319744279130886
E08000025,White,621636,0.5793195998303892
E08000026,Asian/Asian British,51598,0.16279025744573447
E08000026,Black/African/Caribbean/Black British,17764,0.05604492680464412
E08000026,Mixed/multiple ethnic group,8230,0.02596542150429076
E08000026,Other ethnic group,5339,0.01684439676930843
E08000026,White,234029,0.7383549974760222
E08000027,Asian/Asian British,18942,0.060532076376128466
E08000027,Black/African/Caribbean/Black British,4671,0.014926899416793161
E08000027,Mixed/multiple ethnic group,5758,0.018400575217703923
E08000027,Other ethnic group,1947,0.006221938164096828
E08000027,White,281607,0.8999185108252776
E08000028,Asian/Asian British,59258,0.1923567581955639
E08000028,Black/African/Caribbean/Black British,18357,0.05958846080184897
E08000028,Mixed/multiple ethnic group,10199,0.033106864504987614
E08000028,Other ethnic group,4778,0.015509814550919779
E08000028,White,215471,0.6994381019466798
E08000029,Asian/Asian British,13561,0.06561541364661254
E08000029,Black/African/Caribbean/Black British,3239,0.015672024541064672
E08000029,Mixed/multiple ethnic group,4404,0.0213089212963411
E08000029,Other ethnic group,1226,0.005932047572505492
E08000029,White,184244,0.8914715929434762
E08000030,Asian/Asian British,41022,0.15231524971873922
E08000030,Black/African/Caribbean/Black British,6369,0.023648184521930914
E08000030,Mixed/multiple ethnic group,7224,0.026822811271224514
E08000030,Other ethnic group,2239,0.008313437768033179
E08000030,White,212469,0.7889003167200722
E08000031,Asian/Asian British,44960,0.18022207079007496
E08000031,Black/African/Caribbean/Black British,17309,0.06938309215536938
E08000031,Mixed/multiple ethnic group,12784,0.051244638633903876
E08000031,Other ethnic group,4735,0.018980238104782138
E08000031,White,169682,0.6801699603158696
E08000032,Asian/Asian British,140149,0.2682523944783444
E08000032,Black/African/Caribbean/Black British,9267,0.017737514642493474
E08000032,Mixed/multiple ethnic group,12979,0.024842473566949692
E08000032,Other ethnic group,7740,0.014814758102179722
E08000032,White,352317,0.6743528592100327
E08000033,Asian/Asian British,16875,0.08279120426245916
E08000033,Black/African/Caribbean/Black British,899,0.0044106247485600466
E08000033,Mixed/multiple ethnic group,2797,0.013722488789457674
E08000033,Other ethnic group,468,0.0022960760648788672
E08000033,White,182787,0.8967796061346442
E08000034,Asian/Asian British,67782,0.16044671896377866
E08000034,Black/African/Caribbean/Black British,7905,0.01871191929138518
E08000034,Mixed/multiple ethnic group,9790,0.023173901310899546
E08000034,Other ethnic group,2711,0.006417205970771059
E08000034,White,334270,0.7912502544631655
E08000035,Asian/Asian British,58243,0.07750387565952747
E08000035,Black/African/Caribbean/Black British,25893,0.03445577756043035
E08000035,Mixed/multiple ethnic group,19632,0.026124273937603543
E08000035,Other ethnic group,8230,0.01095164906817834
E08000035,White,639487,0.8509644237742603
E08000036,Asian/Asian British,8498,0.026080524925039206
E08000036,Black/African/Caribbean/Black British,2512,0.007709376160472874
E08000036,Mixed/multiple ethnic group,2928,0.008986088136092587
E08000036,Other ethnic group,942,0.002891016060177328
E08000036,White,310957,0.954332994718218
E08000037,Asian/Asian British,3738,0.01867002307530942
E08000037,Black/African/Caribbean/Black British,1081,0.00539922283157022
E08000037,Mixed/multiple ethnic group,1558,0.007781673609238115
E08000037,Other ethnic group,1095,0.005469148011627558
E08000037,White,192742,0.9626799324722547
E09000001,Asian/Asian British,940,0.12745762711864406
E09000001,Black/African/Caribbean/Black British,193,0.02616949152542373
E09000001,Mixed/multiple ethnic group,289,0.0391864406779661
E09000001,Other ethnic group,154,0.020881355932203388
E09000001,White,5799,0.7863050847457627
E09000002,Asian/Asian British,29594,0.15918369542415456
E09000002,Black/African/Caribbean/Black British,37140,0.1997730096659154
E09000002,Mixed/multiple ethnic group,7878,0.04237511497436946
E09000002,Other ethnic group,2913,0.015668787753279796
E09000002,White,108386,0.5829993921822808
E09000003,Asian/Asian British,65918,0.18496237225929188
E09000003,Black/African/Caribbean/Black British,27431,0.07696991464311168
E09000003,Mixed/multiple ethnic group,17169,0.04817529308109746
E09000003,Other ethnic group,17315,0.048584961249880744
E09000003,White,228553,0.6413074587666182
E09000004,Asian/Asian British,15243,0.06570343582029078
E09000004,Black/African/Caribbean/Black British,19624,0.08458730069785385
E09000004,Mixed/multiple ethnic group,5395,0.02325461105100497
E09000004,Other ethnic group,1773,0.007642340202675035
E09000004,White,189962,0.8188123122281754
E09000005,Asian/Asian British,105986,0.3405555644811465
E09000005,Black/African/Caribbean/Black British,58632,0.18839708882926595
E09000005,Mixed/multiple ethnic group,15775,0.05068843082756294
E09000005,Other ethnic group,17942,0.05765146281509567
E09000005,White,112880,0.362707453046929
E09000006,Asian/Asian British,16067,0.051930883797900396
E09000006,Black/African/Caribbean/Black British,18686,0.06039587319646274
E09000006,Mixed/multiple ethnic group,10897,0.03522069090344935
E09000006,Other ethnic group,2872,0.00928272224233335
E09000006,White,260870,0.8431698298598541
E09000007,Asian/Asian British,35446,0.16087102542457496
E09000007,Black/African/Caribbean/Black British,18060,0.08196498107453094
E09000007,Mixed/multiple ethnic group,12322,0.05592317258030843
E09000007,Other ethnic group,8455,0.038372863509698735
E09000007,White,146055,0.6628679574108869
E09000008,Asian/Asian British,59627,0.1640908365393612
E09000008,Black/African/Caribbean/Black British,73256,0.20159723483535053
E09000008,Mixed/multiple ethnic group,23895,0.0657579710384228
E09000008,Other ethnic group,6405,0.017626273467298517
E09000008,White,200195,0.5509276841195669
E09000009,Asian/Asian British,100439,0.29676258461393
E09000009,Black/African/Caribbean/Black British,36860,0.10890858002239628
E09000009,Mixed/multiple ethnic group,15066,0.044514830890326165
E09000009,Other ethnic group,20266,0.0598790364279404
E09000009,White,165818,0.48993496804540715
E09000010,Asian/Asian British,34893,0.11166974966876396
E09000010,Black/African/Caribbean/Black British,53687,0.17181709369979453
E09000010,Mixed/multiple ethnic group,17183,0.05499158308423956
E09000010,Other ethnic group,16063,0.051407193102609564
E09000010,White,190640,0.6101143804445923
E09000011,Asian/Asian British,29894,0.11743538775205553
E09000011,Black/African/Caribbean/Black British,48655,0.1911359734754888
E09000011,Mixed/multiple ethnic group,12274,0.048217098724450715
E09000011,Other ethnic group,4732,0.01858915684895721
E09000011,White,159002,0.6246223831990477
E09000012,Asian/Asian British,25867,0.10503512405083851
E09000012,Black/African/Caribbean/Black British,56858,0.23087668006659356
E09000012,Mixed/multiple ethnic group,15869,0.06443740609899704
E09000012,Other ethnic group,13059,0.053027165306371055
E09000012,White,134617,0.5466236244771998
E09000013,Asian/Asian British,16635,0.09115418125626737
E09000013,Black/African/Caribbean/Black British,21505,0.11784013633399637
E09000013,Mixed/multiple ethnic group,10044,0.05503772747447847
E09000013,Other ethnic group,10087,0.05527335295052413
E09000013,White,124222,0.6806946019847336
E09000014,Asian/Asian British,24150,0.09473337360645835
E09000014,Black/African/Caribbean/Black British,47830,0.18762307493154876
E09000014,Mixed/multiple ethnic group,16548,0.06491295513207754
E09000014,Other ethnic group,12055,0.0472882326635965
E09000014,White,154343,0.6054423636663189
E09000015,Asian/Asian British,101808,0.4258751087611271
E09000015,Black/African/Caribbean/Black British,19708,0.0824409343417442
E09000015,Mixed/multiple ethnic group,9499,0.03973545947393079
E09000015,Other ethnic group,7050,0.029490997925172343
E09000015,White,100991,0.4224574994980256
E09000016,Asian/Asian British,11545,0.048665441424428406
E09000016,Black/African/Caribbean/Black British,11481,0.048395663316921834
E09000016,Mixed/multiple ethnic group,4933,0.020793990692655293
E09000016,Other ethnic group,1324,0.0055810345990422875
E09000016,White,207949,0.8765638699669522
E09000017,Asian/Asian British,69253,0.25280722504526604
E09000017,Black/African/Caribbean/Black British,20082,0.07330909409497109
E09000017,Mixed/multiple ethnic group,10479,0.03825346066234449
E09000017,Other ethnic group,8091,0.029536096022428595
E09000017,White,166031,0.6060941241749898
E09000018,Asian/Asian British,87257,0.3435896628169336
E09000018,Black/African/Caribbean/Black British,16813,0.06620412117011935
E09000018,Mixed/multiple ethnic group,10349,0.04075099327838965
E09000018,Other ethnic group,9033,0.03556901365191745
E09000018,White,130505,0.5138862090826399
E09000019,Asian/Asian British,19034,0.09234202546998181
E09000019,Black/African/Caribbean/Black British,26294,0.12756337174044877
E09000019,Mixed/multiple ethnic group,13339,0.06471315949060036
E09000019,Other ethnic group,6943,0.033683444511825346
E09000019,White,140515,0.6816979987871438
E09000020,Asian/Asian British,15861,0.09997541743093244
E09000020,Black/African/Caribbean/Black British,10333,0.06513120158336957
E09000020,Mixed/multiple ethnic group,8986,0.056640760420803155
E09000020,Other ethnic group,11452,0.07218450793890917
E09000020,White,112017,0.7060681126259857
E09000021,Asian/Asian British,26152,0.16338872922654005
E09000021,Black/African/Caribbean/Black British,4021,0.025121829314007246
E09000021,Mixed/multiple ethnic group,6269,0.03916656253904786
E09000021,Other ethnic group,4399,0.02748344370860927
E09000021,White,119219,0.7448394352117956
E09000022,Asian/Asian British,20938,0.06908270259926226
E09000022,Black/African/Caribbean/Black British,78542,0.2591409698897343
E09000022,Mixed/multiple ethnic group,23160,0.07641395511504985
E09000022,Other ethnic group,7421,0.024484799693816277
E09000022,White,173025,0.5708775727021373
E09000023,Asian/Asian British,25534,0.09255305652717617
E09000023,Black/African/Caribbean/Black British,74942,0.27164216974463995
E09000023,Mixed/multiple ethnic group,20472,0.074204831723363
E09000023,Other ethnic group,7251,0.026282690251372854
E09000023,White,147686,0.535317251753448
E09000024,Asian/Asian British,36143,0.1809928239848167
E09000024,Black/African/Caribbean/Black British,20811,0.10421496997891763
E09000024,Mixed/multiple ethnic group,9334,0.04674174858407656
E09000024,Other ethnic group,3799,0.019024202150300713
E09000024,White,129606,0.6490262553018884
E09000025,Asian/Asian British,133895,0.43474661021351757
E09000025,Black/African/Caribbean/Black British,60256,0.19564652709231647
E09000025,Mixed/multiple ethnic group,13945,0.04527832614681282
E09000025,Other ethnic group,10672,0.03465115070912775
E09000025,White,89216,0.2896773858382254
E09000026,Asian/Asian British,116503,0.41761838190486433
E09000026,Black/African/Caribbean/Black British,24845,0.08905975552926838
E09000026,Mixed/multiple ethnic group,11456,0.04106534752840807
E09000026,Other ethnic group,7520,0.02695630354518407
E09000026,White,118646,0.42530021149227515
E09000027,Asian/Asian British,13607,0.0727685972511899
E09000027,Black/African/Caribbean/Black British,2816,0.015059628857158136
E09000027,Mixed/multiple ethnic group,6780,0.03625862345579978
E09000027,Other ethnic group,3062,0.016375207230333172
E09000027,White,160725,0.859537943205519
E09000028,Asian/Asian British,27192,0.09432398025551281
E09000028,Black/African/Caribbean/Black British,77511,0.26887121335632
E09000028,Mixed/multiple ethnic group,17778,0.06166856873280769
E09000028,Other ethnic group,9453,0.03279069525431607
E09000028,White,156349,0.5423455424010434
E09000029,Asian/Asian British,22035,0.11588463601653466
E09000029,Black/African/Caribbean/Black British,9120,0.04796314411031523
E09000029,Mixed/multiple ethnic group,7134,0.03751853838629264
E09000029,Other ethnic group,2408,0.012663952962460425
E09000029,White,149449,0.7859697285243971
E09000030,Asian/Asian British,104501,0.4112658207921416
E09000030,Black/African/Caribbean/Black British,18629,0.0733148101504943
E09000030,Mixed/multiple ethnic group,10360,0.040771991688180846
E09000030,Other ethnic group,5787,0.022774856747056232
E09000030,White,114819,0.45187252062212707
E09000031,Asian/Asian British,54389,0.21060681745137444
E09000031,Black/African/Caribbean/Black British,44791,0.17344113626771063
E09000031,Mixed/multiple ethnic group,13766,0.053305143485550766
E09000031,Other ethnic group,10504,0.040673923229131576
E09000031,White,134799,0.5219729795662326
E09000032,Asian/Asian British,33338,0.10859460251795632
E09000032,Black/African/Caribbean/Black British,32756,0.10669880616948159
E09000032,Mixed/multiple ethnic group,15241,0.049645759702926756
E09000032,Other ethnic group,6444,0.020990569878988258
E09000032,White,219216,0.714070261730647
E09000033,Asian/Asian British,31862,0.14522598406534304
E09000033,Black/African/Caribbean/Black British,16472,0.07507885285055334
E09000033,Mixed/multiple ethnic group,11395,0.05193804809568087
E09000033,Other ethnic group,24337,0.11092727305876132
E09000033,White,135330,0.6168298419296614
E10000002,Asian/Asian British,43269,0.0856331996128902
E10000002,Black/African/Caribbean/Black British,10490,0.020760643045580396
E10000002,Mixed/multiple ethnic group,12360,0.02446153937496413
E10000002,Other ethnic group,2494,0.004935847831809105
E10000002,White,436670,0.8642087701347562
E10000003,Asian/Asian British,25638,0.041271067754865505
E10000003,Black/African/Caribbean/Black British,6010,0.009674667181790378
E10000003,Mixed/multiple ethnic group,11081,0.017837768226525653
E10000003,Other ethnic group,3494,0.005624507010511743
E10000003,White,574987,0.9255919898263067
E10000006,Asian/Asian British,4066,0.00813431014408092
E10000006,Black/African/Caribbean/Black British,579,0.001158328965426181
E10000006,Mixed/multiple ethnic group,2504,0.005009422676039995
E10000006,Other ethnic group,452,9.042568089337371e-4
E10000006,White,492257,0.9847936814055192
E10000007,Asian/Asian British,8795,0.011426737656654792
E10000007,Black/African/Caribbean/Black British,2770,0.0035988701886223735
E10000007,Mixed/multiple ethnic group,7119,0.009249226307871002
E10000007,Other ethnic group,908,0.001179701852443724
E10000007,White,750094,0.9745454639944081
E10000008,Asian/Asian British,8710,0.011669361829262901
E10000008,Black/African/Caribbean/Black British,1413,0.0018930893530136027
E10000008,Mixed/multiple ethnic group,6520,0.008735274296991287
E10000008,Other ethnic group,1683,0.002254826172060788
E10000008,White,728073,0.9754474483486715
E10000011,Asian/Asian British,9143,0.01735998374696917
E10000011,Black/African/Caribbean/Black British,2912,0.005529068431715435
E10000011,Mixed/multiple ethnic group,7473,0.014189123760374123
E10000011,Other ethnic group,1721,0.003267694632892261
E10000011,White,505422,0.9596541294280491
E10000012,Asian/Asian British,34860,0.025014584665327674
E10000012,Black/African/Caribbean/Black British,18709,0.013425067828560398
E10000012,Mixed/multiple ethnic group,20885,0.014986506045191294
E10000012,Other ethnic group,5277,0.0037866311898718916
E10000012,White,1313856,0.9427872102710487
E10000013,Asian/Asian British,12433,0.020826353805127106
E10000013,Black/African/Caribbean/Black British,5150,0.008626696862897498
E10000013,Mixed/multiple ethnic group,8661,0.014507926510593249
E10000013,Other ethnic group,1093,0.0018308698390576631
E10000013,White,569647,0.9542081529823245
E10000014,Asian/Asian British,35356,0.026829808740100835
E10000014,Black/African/Caribbean/Black British,8298,0.006296915740619888
E10000014,Mixed/multiple ethnic group,18051,0.013697954450943552
E10000014,Other ethnic group,3960,0.0030050357113587316
E10000014,White,1252123,0.950170285356977
E10000015,Asian/Asian British,72581,0.06503312539984338
E10000015,Black/African/Caribbean/Black British,31401,0.028135533688988603
E10000015,Mixed/multiple ethnic group,27497,0.024637520137770125
E10000015,Other ethnic group,7088,0.006350901652417159
E10000015,White,977495,0.8758429191209808
E10000016,Asian/Asian British,47614,0.03252900105209942
E10000016,Black/African/Caribbean/Black British,16216,0.01107847022012106
E10000016,Mixed/multiple ethnic group,22107,0.015103092079194393
E10000016,Other ethnic group,6701,0.004577998824927924
E10000016,White,1371102,0.9367114378236572
E10000017,Asian/Asian British,71054,0.06066049196688576
E10000017,Black/African/Caribbean/Black British,4098,0.0034985601947856255
E10000017,Mixed/multiple ethnic group,12724,0.010862781824902953
E10000017,Other ethnic group,2776,0.0023699373110602482
E10000017,White,1080687,0.9226082287023654
E10000018,Asian/Asian British,40777,0.06268668647740393
E10000018,Black/African/Caribbean/Black British,3787,0.0058217740807300355
E10000018,Mixed/multiple ethnic group,8551,0.013145495158257865
E10000018,Other ethnic group,2607,0.004007754166480909
E10000018,White,594767,0.9143382901171273
E10000019,Asian/Asian British,7316,0.010251480761658677
E10000019,Black/African/Caribbean/Black British,2561,0.003588578763068326
E10000019,Mixed/multiple ethnic group,6190,0.00867368314853297
E10000019,Other ethnic group,1102,0.0015441678238583738
E10000019,White,696484,0.9759420895028816
E10000020,Asian/Asian British,13017,0.015173309336416875
E10000020,Black/African/Caribbean/Black British,4609,0.005372496176657093
E10000020,Mixed/multiple ethnic group,10027,0.011688005893543213
E10000020,Other ethnic group,2217,0.002584253422358163
E10000020,White,828018,0.9651819351710247
E10000021,Asian/Asian British,25427,0.036746768561981176
E10000021,Black/African/Caribbean/Black British,16923,0.024456898744421578
E10000021,Mixed/multiple ethnic group,14182,0.02049564131616066
E10000021,Other ethnic group,2598,0.00375459569449904
E10000021,White,632822,0.9145460956829375
E10000023,Asian/Asian British,7356,0.012293273794403519
E10000023,Black/African/Caribbean/Black British,2424,0.004050964610880115
E10000023,Mixed/multiple ethnic group,5043,0.00842781127585331
E10000023,Other ethnic group,1078,0.0018015428426273782
E10000023,White,582475,0.9734264074762357
E10000024,Asian/Asian British,17139,0.02181083784464789
E10000024,Black/African/Caribbean/Black British,5102,0.006492729720718451
E10000024,Mixed/multiple ethnic group,10716,0.013637023066879443
E10000024,Other ethnic group,2042,0.002598618990534511
E10000024,White,750803,0.9554607903772198
E10000025,Asian/Asian British,31657,0.04842015423724147
E10000025,Black/African/Caribbean/Black British,11424,0.017473286856184937
E10000025,Mixed/multiple ethnic group,13233,0.020240196513296154
E10000025,Other ethnic group,3480,0.005322744945686588
E10000025,White,594004,0.9085436174475908
E10000027,Asian/Asian British,4873,0.009194825387001577
E10000027,Black/African/Caribbean/Black British,1013,0.0019114217354879125
E10000027,Mixed/multiple ethnic group,4241,0.008002309555976542
E10000027,Other ethnic group,590,0.001113266361241726
E10000027,White,519255,0.9797781769602922
E10000028,Asian/Asian British,20656,0.024344452314644032
E10000028,Black/African/Caribbean/Black British,4810,0.005668900834306632
E10000028,Mixed/multiple ethnic group,9604,0.011318944618020976
E10000028,Other ethnic group,1804,0.0021261324542804915
E10000028,White,811615,0.9565415697787478
E10000029,Asian/Asian British,13131,0.018033050292310924
E10000029,Black/African/Caribbean/Black British,6854,0.009412727644771844
E10000029,Mixed/multiple ethnic group,12472,0.017128033146424634
E10000029,Other ethnic group,2511,0.003448403722792836
E10000029,White,693195,0.9519777851936998
E10000030,Asian/Asian British,63498,0.0560743206845698
E10000030,Black/African/Caribbean/Black British,12430,0.010976783616951757
E10000030,Mixed/multiple ethnic group,23554,0.02080025432933883
E10000030,Other ethnic group,9226,0.008147369722445447
E10000030,White,1023682,0.9040012716466942
E10000031,Asian/Asian British,25096,0.04600769239230468
E10000031,Black/African/Caribbean/Black British,4443,0.008145209487528279
E10000031,Mixed/multiple ethnic group,7949,0.014572646908926914
E10000031,Other ethnic group,2298,0.004212849741692546
E10000031,White,505688,0.9270616014695476
E10000032,Asian/Asian British,28334,0.035114984409313765
E10000032,Black/African/Caribbean/Black British,7146,0.008856203804226588
E10000032,Mixed/multiple ethnic group,12155,0.015063973865151717
E10000032,Other ethnic group,2758,0.003418053469361451
E10000032,White,756499,0.9375467844519465
E10000034,Asian/Asian British,13741,0.024270138421566705
E10000034,Black/African/Caribbean/Black British,2372,0.004189561773957953
E10000034,Mixed/multiple ethnic group,7045,0.012443281069786583
E10000034,Other ethnic group,953,0.0016832429892841183
E10000034,White,542058,0.9574137757454046
W06000001,Asian/Asian British,491,0.007039325601066651
W06000001,Black/African/Caribbean/Black British,81,0.0011612736734957206
W06000001,Mixed/multiple ethnic group,480,0.0068816217688635285
W06000001,Other ethnic group,179,0.002566271451305358
W06000001,White,68520,0.9823515075052688
W06000002,Asian/Asian British,2166,0.01797077881671631
W06000002,Black/African/Caribbean/Black British,288,0.0023894664354636645
W06000002,Mixed/multiple ethnic group,958,0.007948294601299272
W06000002,Other ethnic group,877,0.007276257166325116
W06000002,White,116240,0.9644152029801957
W06000003,Asian/Asian British,1252,0.010865414656159962
W06000003,Black/African/Caribbean/Black British,199,0.0017270107959870865
W06000003,Mixed/multiple ethnic group,894,0.007758530912625404
W06000003,Other ethnic group,334,0.0028986010344707884
W06000003,White,112549,0.9767504426007567
W06000004,Asian/Asian British,1430,0.015255937013250261
W06000004,Black/African/Caribbean/Black British,161,0.0017176264749183862
W06000004,Mixed/multiple ethnic group,751,0.00801203405381185
W06000004,Other ethnic group,138,0.0014722512642157595
W06000004,White,91254,0.9735421511938037
W06000005,Asian/Asian British,1201,0.007875099996065728
W06000005,Black/African/Caribbean/Black British,142,9.311109071118513e-4
W06000005,Mixed/multiple ethnic group,851,0.00558010832360694
W06000005,Other ethnic group,151,9.90124978689363e-4
W06000005,White,150161,0.9846235557945261
W06000006,Asian/Asian British,2321,0.017212482572454096
W06000006,Black/African/Caribbean/Black British,625,0.004634985613004657
W06000006,Mixed/multiple ethnic group,1010,0.007490136750615526
W06000006,Other ethnic group,241,0.001787250452374596
W06000006,White,130647,0.9688751446115511
W06000008,Asian/Asian British,1099,0.014475382629540845
W06000008,Black/African/Caribbean/Black British,266,0.003503595795685045
W06000008,Mixed/multiple ethnic group,736,0.009694159795579674
W06000008,Other ethnic group,378,0.0049787940254471695
W06000008,White,73443,0.9673480677537473
W06000009,Asian/Asian British,1192,0.00973546010666536
W06000009,Black/African/Caribbean/Black British,179,0.001461952482460654
W06000009,Mixed/multiple ethnic group,733,0.005986654579014856
W06000009,Other ethnic group,214,0.001747809113109385
W06000009,White,120121,0.9810681237187497
W06000010,Asian/Asian British,1837,0.009995810139462501
W06000010,Black/African/Caribbean/Black British,279,0.0015181442726783004
W06000010,Mixed/multiple ethnic group,1033,0.00562094277303471
W06000010,Other ethnic group,305,0.0016596200830354178
W06000010,White,180323,0.9812054827317891
W06000011,Asian/Asian British,7803,0.03264539395790363
W06000011,Black/African/Caribbean/Black British,1983,0.008296272743627183
W06000011,Mixed/multiple ethnic group,2160,0.009036787254783012
W06000011,Other ethnic group,2380,0.009957200771473875
W06000011,White,224697,0.9400643452722123
W06000012,Asian/Asian British,1369,0.009791720310130748
W06000012,Black/African/Caribbean/Black British,299,0.0021385861013360798
W06000012,Mixed/multiple ethnic group,910,0.006508740308414156
W06000012,Other ethnic group,147,0.0010514118959745944
W06000012,White,137087,0.9805095413841444
W06000013,Asian/Asian British,1549,0.01112963255686962
W06000013,Black/African/Caribbean/Black British,315,0.002263288738162641
W06000013,Mixed/multiple ethnic group,998,0.007170673525988303
W06000013,Other ethnic group,226,0.0016238198565865294
W06000013,White,136090,0.9778125853223929
W06000014,Asian/Asian British,1967,0.015569592198581561
W06000014,Black/African/Caribbean/Black British,489,0.0038706306990881458
W06000014,Mixed/multiple ethnic group,1695,0.013416603343465046
W06000014,Other ethnic group,347,0.002746643870314083
W06000014,White,121838,0.9643965298885512
W06000015,Asian/Asian British,27885,0.08057152763731977
W06000015,Black/African/Caribbean/Black British,8201,0.023696148400705018
W06000015,Mixed/multiple ethnic group,10031,0.028983790343552255
W06000015,Other ethnic group,6859,0.019818544309283714
W06000015,White,293114,0.8469299893091392
W06000016,Asian/Asian British,3030,0.012926069706923766
W06000016,Black/African/Caribbean/Black British,1308,0.005579966724969071
W06000016,Mixed/multiple ethnic group,1506,0.006424640587005674
W06000016,Other ethnic group,325,0.001386459622029777
W06000016,White,228241,0.9736828633590717
W06000018,Asian/Asian British,1346,0.007527711598044808
W06000018,Black/African/Caribbean/Black British,242,0.0013534221446707606
W06000018,Mixed/multiple ethnic group,1174,0.006565775197700301
W06000018,Other ethnic group,199,0.0011129380445846337
W06000018,White,175845,0.9834401530149995
W06000019,Asian/Asian British,485,0.0069470306815251955
W06000019,Black/African/Caribbean/Black British,95,0.0013607585871028734
W06000019,Mixed/multiple ethnic group,394,0.0056435671928266535
W06000019,Other ethnic group,90,0.001289139714097459
W06000019,White,68750,0.9847595038244478
W06000020,Asian/Asian British,977,0.010727422454021411
W06000020,Black/African/Caribbean/Black British,169,0.0018556135053527313
W06000020,Mixed/multiple ethnic group,603,0.006620916826791106
W06000020,Other ethnic group,95,0.001043096349162778
W06000020,White,89231,0.979752950864672
W06000021,Asian/Asian British,900,0.009855129594954173
W06000021,Black/African/Caribbean/Black British,144,0.0015768207351926679
W06000021,Mixed/multiple ethnic group,624,0.006832889852501561
W06000021,Other ethnic group,129,0.001412568575276765
W06000021,White,89526,0.9803225912420749
W06000022,Asian/Asian British,7986,0.054797716418729756
W06000022,Black/African/Caribbean/Black British,2535,0.017394466706922105
W06000022,Mixed/multiple ethnic group,2752,0.018883460503924906
W06000022,Other ethnic group,1438,0.00986715705110611
W06000022,White,131025,0.8990571993193172
W06000023,Asian/Asian British,1146,0.008531800686415379
W06000023,Black/African/Caribbean/Black British,133,9.90165350168626e-4
W06000023,Mixed/multiple ethnic group,766,0.005702756828790733
W06000023,Other ethnic group,116,8.636028618012075e-4
W06000023,White,132160,0.9839116742728241
W06000024,Asian/Asian British,696,0.011836332097547702
W06000024,Black/African/Caribbean/Black British,143,0.0024318900717662665
W06000024,Mixed/multiple ethnic group,462,0.00785687561647563
W06000024,Other ethnic group,110,0.0018706846705894358
W06000024,White,57391,0.976004217543621
